ID	aa_sequence
TP0467	MWRLKIADGGNDPYIYSTNNFVGRQTWEFDPDAGTPEEREEVEKARLHFYENRYKVKPSADLLWRLQFLKEKNFKQEIGAVKIEEGEEITQEKVRTTLRRAVHFYSALQASDGHWPAENAGPLFFLPPLVMCVYITGHLDQVFPKEHKREILRYLYYHQNEDGGWGFHIEGHSTMFCTTLSYICMRILGEGPDGGLNNACARGRKWILDHGSVTYIPSWGKTWLSIFGVYDWAGSNPMPPEFWILPSFLPMHPAKMWCYCRMVYMPMSYLYGKRFSCQTTPLIEELRRELYDQPFEKINWKKTRHQCAKEDLYYPHPLIQDLLWDSLYICTEPLLTRWPFNKLVREKALKTTMKHIHYEDENSRYITIGCVEKVLCMLACWVEDPNGDYFKKHLARIPDYIWVAEDGMKMQSFGSQEWDTGFAIQALLAADMVDEIGPTLARGHDFIKKSQLKDNPSGDFKSMHRHISKGSWTFSDQDHGWQVSDCTAEGLKCCLLFSMMPPEIVGEKMEAQRLCDSVNVLLSLQSKNGGLAAWEPVTAQDWLELLNPTEFFADIVIEHEYVECTASAIQALVLFKKLHPGHRTKEIDNFIKNAVGYLQDIQMPDGSWYGNWGVCFTYGGWFALGGLAAAGKTFNNCAAIRKGVHFLLKTQMPDGGWGESYLCCPTKKYVPLEGNRSNLVHTAWAMMGLIHSGQAERDPTPLHRAAKLLINSQTEDGDFPQQEITGVFMKNCMLHYAAYRNIYPLWALAEYNKVVKLLSTSL
TP0468	MWKLKVSKGWETSENDHVGRQYWEFDPNLEPSEEERAEIENVCNEFHKNRFHVKQSSDLLMRLQLRKENASNVKLLTQIKVASEEEISEEAVETTLRRAIRFYSTMQTQDGFWPGDYGGPLFLLPGLVIGLSVTNALNVALSCNHRQQMCRYLYNHQNEDGGWGLHIEGNSTMLCTALSYVSLRLMGEEMDGHDGALPKARRWILDRGGATSIPSWGKIWLSVLGVYEWEGNNPLLPEIWLLPYNILPFHPGRMWCHSRMVYLPMSYLYGKRFVGSISPIVMSLRRELYKCPYHMVDWNSSRNLCAKEDLYTPHSKIQDMLWDSINKFGEPFMKKWPLSKLRQRALDLVIQHIHYEDENTHYLCLGPVNKVLNMVCCWVEDQNSEAFRRHISRIKDYLWLAEDGMKMQGYNGSQLWDVAFAVQAVVAADLVEEYGSVLKKAHDFVKNSQVRRNGLGDSSDWYRHISKGGWPFSTPDNGWPVSDCTSEALKVAILLSKMPSTMVGEPIDVDKLYDAVNLILSLQNPNGGFASYELTRSYPWLEMFNPAEIFGDVMIDYQYVECTSAAIQGLKAFMQLHPGHRKKEIQKCIAKAANFIESIQQTDGSWYGSWGICYTYGTWFGIKGLVACGRTYDNSKSIRKATEFLLSKQLKSGGWGESYLSAHHKVYTNLKGCKSHIVNTSWALLALIKAGQAQRDLTPLHRAAMVLINSQLHDGDFPQQEIMGVFNKSCMISYSAYRNIFPIWALGEYRIRVLQLHEKF
TP0469	MWQLKIGADTVPADPSNAGGWLSSLNNHVGRQVWHFHPELGTPEDLQQIQHARQRFSDHRFEKKHSADLLMRMQFAKNNSSFVNLPQIKVKDKEDVTEEAVSRTLRRAINFYSTIQGDDGHWPGDYGGPMFLIPGLVITLSITGALNAVLSTEHQREICRYLYNHQNKDGGWGLHIEGPSTMFGSVLNYVSLRLLGEEAEDGQGAVDKARKWILDHGGASAITSWGKMWLSVLGVYEWAGNNPLPPELWLLPYLLPFHPGRMWCHCRMVYLPMCYLYGKRFVGPITPIIRSLRKELYLVPYHEVDWNKARNECAKEDLYYPHPLVQDIVWASLHHVYEPLFMRWPAKRLREKALQCVMQHIHYEDENTRYICIGPVNKVLNMLCCWVEDPHSEAFKLHIPRIFDYLWIAEDGMKMQGYNGSQLWDTAFAVQAIMSTKLAEEYGTTLRKAHKYIKDSQVLEDCPGDLQSWYRHISKGAWPFSTADHGWPISDCTAEGLKAVLLLSKLPSEIVGKSIDEEQIYDAVNVILSLQNTDGGFATYELTRSYPWLELMNPAETFGDIVIDYTYVECTSAAIQALVAFKKLYPGHRRDEIDNCVAKAADFIESIQATDGSWYGSWGVCFTYGGWFGIRGLVAAGRRYDNCSSLRKACDFLLSKELASGGWGESYLSGQNKVYTNIKDDRPHIVNTGWAMLSLIDAGQSERDPTPLHRAARILINSQMDDGDFPQEEIMGIFNKNCMISYAAYRNIFPIWALGEYRCRVLQAP
TP0479	MWKLKVGEGNGEKDESIYSTNNYAGRQIWEFDPEAGTDEERAQVEAARLHFYNNRDHLKPSADLLWRMQFLKEKKFKQTIPQVKIKVDGDEEEITYETAATTALRRGVRFFSALQASDGHWPAENAGPLFFLPPLVMCLYITGHLNNVFPAESEHRKEILRYIHYHQNEDGGWGLHIEGASTMFCTALNYICLRILGQPPHHIACATARNWILDRGGVTLIPSWGKTWLSILGVFDWSGCNPMPPEFWILPSFLPMHPGKMWCYCRMVYMPMSYLYGKRFVGAITPLVVELRQELYPEAEPYHKVNWGKARHLCAKEDAYYPHPWIQDLIWNTLYVFTEPLLTRWPFNKFIREKALQVTMDHIHYEDHNSRYITIGCVEKVLCMLACWVEHPNGDSFKKHLARIPDYLWVAEDGMKMQSFGSQQWDTGFAIQALLASNLIDEIGPVLKRGHEFIKASQVKDNPSGDFKRMYRHISKGSWTFSDQDHGWQVSDCTAEGLKCCLLLSMMPTEIVGEKMEPERLYDSVNILLSLQSKIGGLPAWEPVGAHKWLELLNPTEFFADIVIEHEYVECTSSAIQALTMFSKLYPGHRKKEIDKFIGKAIGYLEDAQMADGSWYGCWGVCFTYGTWFALGGLAAAGKTYTNSPTVRKAVHFLLNSQTQNGGWGESFRSCPQKKYIPLEGNRSNLVQTAWGMMGLLHAGQAERDPAPLHRAAKLLINSQLEDGDFPQEEITGVFMRNCMLHYAAYRNIYPLWALAEYCRRLKDRKILHGFRAPWDSTSNEVNFE
TP0480	MWRLKIGDYGTKNDPYIFSTNNFAGRQIWEFDPDAGSVEELAEVEEARLNYLKNRFNVKNSSDLLWQIQILREKKFKQTIPQVKIGDRGEEITPEIATTALRRAVNIFSALQSSHGHWPADNSGPLFFNTPMNEDGGWGLHVEGHSTMFGTVFNYICMRLLGEGPDGGENSGCTRARKWILDRGGATGIPSWGKTWLSILGVYNWSGCNPMPPEFWKLPYFLPISPGKLLCYCRLTYMPMSYFYGKRFVGPITPLVLQLREEIYIQPYDEINWSKLRHLCAKEDLFFPHTTVQNLLWDALHNLVEPVLNRWPLNKLREKSLEAAMTHIHYEDEASRYMTIGCVEKPLNMLSCWAEDPNGDYFKKHLARIGEYFWMGEDGMRVQSFGSQTWDCAFAVQALLACNLTDEIGPILMKAHDFLKTSQVTDNPPGDFESMFRHTSKGGWTFSNKDHGWPVSDCTAEALLCCLYFSMLPAEIVGEKMEPERYYDAVNCILSMQSKTGGVPAWEPRRAPSWLESLNPIEFFDEVIIEHDKVECTASALKAMTLFKKLYPKHKAKDVENFIRNAAKFIEDTQKLDGSWYGGWGICFTYGTWFAISGLVTAKKTYSNCLAIRKATDFLLKIQCEDGGWGESYRSCPNKKYIHLEGNRSNLVQTSWAMMGLIHAGQMERDPTPLHRASKLLINSQLEDGDFPQQELTGAFMGNCMLHYPTYRNIFPMWALAEYRSKFQSSKIF
TP0501	MWRLKIAEGGSDPYLFSTNNFVGRQTWEFEPEAGTPEERAEVEAARQNFYNNRYQVKPCDDLLWRYQFLREKNFKQTIPPVKVEDGQEITYEMATTSMQRAARHLSALQASDGHWPAQIAGPLFFMPPLVFCVYITGHLNTVFPSEHRKEILRYMYYHQNEDGGWGLHIEGHSTMFCTALNYICMRILGEGPEGGQDNACARARMWILDHGGVTHIPSWGKTWLSILGLFEWSGSNPMPPEFWILPSFLPMHPAKMWCYCRMVYMPMSYLYGKRFVGPITPLIVQLREEIHTQNYHEINWKSVRHLCAKEDIYYPHPLIQDLIWDSLYILTEPLLTRWPLNKLVRERALQVTMKHIHYEDENSRYITIGCVEKVLCMLACWVDDPNGDAFKKHLARVPDYVWVSEDGITMQSFGSQEWDAGFAVQALLASNLTEELGPALAKGHDFIKQSQVKDNPSGDFKSMYRHISRGSWTFSDQDHGWQVSDCTAEGLKCCLLLSMLPPEIVGEKMEPQRLFDSVNVLLSLQSKKGGLAAWEPAGAQDWLELLNPTEFFADIVVEHEYVECTGSAIQALVLFKKLYPGHRKKEIDSFITNAVRFLENTQTADGSWYGNWGVCFTYGCWFALGGLAAAGKTYNNCPAIRKAVNFLLTTQREDGGWGESYLSSPKKIYVPLEGSRSNVVHTAWAMMGLIHAGQAERDSTPLHRAAKLIINYQLENGDWPQQEITGVFMKNCMLHYPMYRNIYPMWALAEYRRRVPLP
TP0502	MWRLKIAEGGDDEQYIFSTNQFVGRQTWEFDADAGTAEERSQVEAARQHFYNNRFHTKPCADLLWRFQFLREKKFKQEIAKVKIEDGQEITEESVKRTLKRAASYMAALQASDGHWPAQIAGPLFFLPPLVFCLYITGHLDTVLPAEYQKEICRYIYYHQNQDGGWGLHIEGHSNMFCTALNYICMRILGERPKFEGGLNNACARARSWIIDHGGVTHIPSWGKTWLSILGVFDWEGSNPMPPEFWILPSFLPMHPAKMWCYCRLVYLPMSYLYGKRFVGPITPLIFQLREELFTQPYREINWKNARHLCAKEDLYYPHPLIQDLIWDYLYIFIEPLLTRWPLNKFIRKEALKVTMKHIHYEDENSRYITIGCVEKVLCMLACWVEDPNGDAFKKHLARVPDYLWVSEDGMTMQSFGSQQWDAGFAIQALLATNLTEEIACTLARGHDFVKKSQVKDNPSGDFKSMYRHISKGAWTFSDQDNGWQVSDCTAEGLKCCLLFSMLPPEIVGEEMDPERLYDSVNLLLSLQSKNGGLTAWEPNKGQDWLEVLNPTEFFEGIVVEHEYVECTGSAIQALVLFKKLYPEHRRKEIDNFIANAVRYLENKQRADGSWYGNWGICFTYASCFALGGLAAAGKSYFNCPAIRKAVKFLLKKQRKDGGWSESYQSSPKKIYVPLEGNRSNVVQTAWAMMGLIHAGQAERDPMPLHRAAKLLINSQLEDGDWPQQEVTGVFLKNCTLHYPLYRNIFPMWALAEYCKPCLPSFMHD
TP0503	MWRLKIAEGGNDPYLFSKRDFIGRQTWEFDPDAGSPEELAEVQEACRNFHRNRHSVRSAADGLWRMQFLRERNFKQIIPPVRVRDEEEITYETVTAALKRATHMYCSLQASDGHWPSGMNGPLYIHPPLVFVLYITGHLNTRFSLEHQREYKRYIYNHQNKDGGWGLHIESHNSSMLCTVLNYICLRMLGDGLEGGQDNACARGRKWILDHGGVTYVPSWGKIWLSILGVFDWRSTLPMPPEIWCLPSSFPVHPGLIWCYARLIYMPISYLYGKRFVAPFSPLIAALREELLTEPYHKINWKEIRHLCAKEDRFVSHHLWQELFWDTAYMFTEPLLTHWPLNKLVRKKALQVTMNLIHYEDENSGYLTIGTVEKVLCMLACWVEDPDGDSFKRHLARVPDYLWVAEDGMTLQALSSQVWDASLSTLALLASNLNEEIGPAIMRAHDFLKKCQVKENPSGDFKRMFRHINKGSWTFSDQDHAWQVSDCTAEGLKCCLLLSMLTREMVGEKLEVEWIYEAVNVILSLQGNDGGVSAWEPPTSPSWLEWFSPMEFFEEVMVEHGYVETTSSTVQALVLFRKLFSEHRTQEIDNFIKKGSQFIEHKQTSDGSWPGFWGVCYIYGTRFALNGLEAAGKNYNNCLAMRRGVDFLLSKQNEDGGWGESYLSCTNKIYTALDGNKSNLVQTAWALLALIPTEQAKRDPTPLHRAAKLLINSQMENGDFPEQNALGAFNFSCTLSYALYKNVFPIWALGEYRAKVPLLSNSKKV
TP0504	MWRLKIAEGDNDPYLFSRRDFIGRQTWEFDPDAGSPEELADVEEARRNFYRNRHSVRAAGDLLWRMQFLKEKKFKQNIPPVTVGDEEEITHETATATLRRATHFYCSLQASDGHWPSGMSGTLYIHPPLVFVLYITGHLNNTFSLEHQREYKRYIYNHQNEDGGWGLHIESHNSSMLCTVLNYICLRMLEDGPESGQDNACVRARNWILDHGGVTYIPSWGKIWLSILGVFDWCSTLPMPPEIWCLPSFFPVHPGRTLCYCRMVYMPMSYLYGKRFVAPMTPLIAAIREELLTEPYHEINWREIRHRCAKEDRYVSHHLLQELFWDTAYMFTEPLLTRWPLNKLVRKKALQVTMNLIHYEDENSRYLTVGSVEKVLCMLACWVEDPDGDSFKKHLARIPDYLWVGEDGMTMQALSSQIWDAGFSTLALLASNLKEELGPAIMRAHDFLKKCQVKENPYGDFKRMFRHNNKGSWTFSDQDHALQVSDCTAESLKCCLLLSMMPEEIVGEKLEVEWIYEAVNFILSLQGKDGGVSAWEPPTSPSWLEWFSPMEFVEDIIIEHGYVENTSSTVQALILFRRLYPEHRQKEIDIFIEKGFQYIEDTQTTDGSWLGFWGVCFIYGTWLALEALAAAEKNYNNCLAMRRGVNFLLSIQNEDGGWGESYLSCTNRVYTPLTGNKSNLVQTSWAMLALIHAGQAKRDPTPLHRAAKLLINSQMENGDFPEQNAVGVFMRSCVVWYALYKNVFPIWALAEYRANVPLPSISKKV
TP0505	MWKLKIAEGTSPWLRTLNNHVGRQVWEFDPKLGTPEELMEIERAREKFSENRFQQKHSSDLLMRIQFSKENPRDEILPQVRVKDIEDITEETVTRTLKRAISFHSTLQSHDGHWAGDYGGPMFLLPGLVITLSITGALNVVLSEEHVKEMCRYLYNHQNKDGGWGLHIEGPSTMFGTVLNYVTLRLLGEGANDGNGTMEKARDWILGHGGATYITSWGKMWLSVLGVYEWSGNNPLPPEIWLLPYILPFHPGRMWCHCRMVYLPMSYLYGKRFVGPITPTVLSLRKELYTIPYHDIDWNQSRNLCAKEDLYYPHPFVQDILWAALHKLVEPILMCWPGKRLREKAVRTAIEHIHYEDENTRYICIGPVNKVLNMLCCWVEDPNSEAFKLHLPRIYDYLWIAEDGMKMQGYNGSQLWDTAFTIQAIISSNLIEEYGPTLRKAHLYIKNTQVLEDCPGDLNYWYRHISKGAWPFSTRDHGWPISDCSAEGLKASLLLSKIPAQIVGESLEAKRLYDAVNVILSLQNEGGGFASYELTRSYDWLELINPAETFGDIVIDYPYVECTSAAIQALASFRKLYPGHRREEIERCIEKAVAFLQRIQESDGSWYGSWAICYTYGTWFGIKGLVAAGKNFSNCSSIRKACEFLLSKQLSSGGWGESYLSSQNKVYSNLEGNRSHVVNTGWAMLALIDAEQSQRDPKPLHRAAKVLINAQMENGDFPQEEIIGVFNRNCMISYAAYRNIFPIWALGEYRCRVLHSLNSSSS
