"ID"	"aa_sequence"
"TP0441"	"MWKLKISEGNEEWIKSVNNNIGRQFWEFDESFGSEEEKAQVDEFRKNFSENRFHIKQSSDLLVRFQFAKEKIGNNEINKRKMVKKIKKGEEVTEEMVISTLRKAMNFFSTLQADDGFWPCDYGGPLFLLPGLVISLYIMGAINVILPQPHQNEIRRYLFNHQNEDGGWGLHIEGCSTMFCTALSYVSLRLIGEDMDGGDGAMSKARKWIIDHGGATHIPSWGKMWLSVLGVYEWSGNNPLPPEIWLLPYMLPIHPGRLWCHCRMVYLPMSYLYGKRFVGPITSLVLSIRRELYTIPYHEINWDNARFLCAKEDLYYPHPLIQDMLWDIVHNIGEQLLSMWPFSKLRSLALKTIMKHIHYEDDNTNYICLGPVNKVLNMLCCWVEDPNSEAYKCHLPRIKDYLWIAEDGMKMQGYNGSQLWDVVFAVQAILATNMGEEYSSVLKKSHHFINISQVRRNSEGDLRKWYRHIAKGGWPFSTPDNGWPVSDCTAEALKAIILLSKMPSDVVGEFISIDRLYDAVDVLLSLQNKNGGFASYELTRSYAWLEMINPAELFGDIMIDYQYVECTSAAIKGLRTFNKIYPTYREKEIEVCIFKAANFIETIQRPDGSWYGSWGVCFTYGTWFGIEGLIASGRNYYNNNSIKKACDFLLSKQLPSGGWGESYLSSQHKVYSNLRDYKSHVVNTGWAMLALIEAGQGQRDPDPLHRAAKLLINSMMDNGDFPQQEIMGVFNKNCMISYSNYKNIFPIWALGEYLNHVLLSSHNNS"
"TP0442"	"MWKLEVATGNEDPLLFSTNNFLGRQVWDFHPNLGTADQLQQIQTARDNYTRNRFQVKASSDVFKNLQLIKENQIDLFSIAAVRLEENEEITDNKLETALRKALRYSCAIQASDGHWPSEFSGELFLTPPLIICLYITKMLDTVLSDEHRKEMLRYIYNHQNEDGGWGFHVESHSTMLCTTLNYISLRLLGQQLPEDQEKDNGVAKGRKWILDHGGAINTQSWGKIYLSVLGVYEWAGCNPVPPELILVPSCLPISAEKLWCFLRTLYNPIAYLYGKKYTGPITDLIIQLRKELYIQPYNQINWNKARNSCLKEDLYVPRTFALDMVFDGAYHIGEKLMKCWPFSKIREKALKQLMKILRFEDEHSRFLTHACLEKVLHMLAYWAEDPTQEAFKLHLARLPDLLWVAEDGMKMQNLGTQLWDAAFYVQAILESDLSDEYGITIRRAHEFIKKTQIRANPPGDFKKTLRSISKGAWPLADQDQGWQVSDCTAESLTVLLLLSQMNPDVVGKRAELQQLYDAIDFLLTLQSKSGGFSVWEPGSSRPWLEMFNPTEAFSGVMVEYEYMECTASVIESFVLFKKLHPEYKNKELEISVARATQYLENTQNSDGSWYGNWGVCHIYGTYFGLRGLAAAGKTYENSKAAKKGCEFLLSKQQTSGGWGESYLSCTKLEYIPLEENKSNLVQTSWALMALLHAGMAERDPNPLHKAARLLINSQLESGEFPQQEVTGVFMKTCMLHYSAYRHIYPLWALGLYRKHMINCD"
"TP0443"	"MWRLKIAEGGGNPWLRTVNDHVGRQVWEFDPKFGSPEDHLQIENARENFHNNRFHMKHSSDLIMRIQFAKENRLADFLPQVKLNDTEDVTEEAVTIALKKALDYYSTIQADDGHWPGDYGGPMFLMPGLVIALSVTGALNAVLSEEHKQEMRRYLYNHQNRDGGWGLHIEGPSTMFGSVLCYVTLRLLGEGANDGEGAMERGRKWILDHGSATAITSWGKMWLSVLGAFEWSGNNPLPPEIWLLPYIVPFHPGRMWCHCRMVYLPMSYLYGKRFVGPITPTVLSLRKELFSVPYHEIDWNDARNQCAKEDLYYPHPMVQDVLWTALDKLVEPILTHWPGKKLREKALQTVIQHVHYEDENTRYICIGPVNKVLNMLCCWVEDPNSEAFKLHLPRVHDYLWLAEDGMKMQGYNGSQLWDTAFAVQAILSTNLVQEYGPTLKKAHSFIKNSQVLDDCPGDLDFWYRHISKGAWPFSTADHGWPISDCTAEGLKAALLLSKIPCDIVGDSIDVNQLCDAVNVILSLQNGDGSFATYELTRSYKWLELINPAETFGDIVIDYPYVECTSAAVQALTSFRKLHPEHRREEMESCIKKATKFLENIQAADGSWYGSWGVCFTYGTWFGVKGLVAAGKNFNNCSSIRKACEFLLSKQCASGGWGESYLSCQTKVYSYLDSQRSHLVNTSWAMLSLIDAGQAERDPTPLHRAARCLINSQMENGDFPQQEIMGVFNKNCMISYAAYRDIFPIWALGEYRSRVLKQQAS"
"TP0444"	"MWRLKFGAETIGDDGGSWLRSMNGHVGRQVWEFCPELGSPEDLSLVENARRGFTNTHLEKKHSADLLMRIQFAKENPYFVNLPQIKVKASEDVTDEVVTTTLRRAINFYSTIQADDGHWPGDYGGPMFLLPGLIITLHITGALNAVLSREHQREMCRYLYNHQNSDGGWGLHIEGPSTMFGTALNYVTLRLLGEGTEGGEGAIENGRKWILDHGGATAITSWGKMWLSVLGVYEWTGNNPLPPEVWLCPYLLPMHPGRMWCHCRMVYLPMSYLYGKRFVGPITATVLSLRKELYTVPYHEVDWNKARNTCAKEDLYYPHPLVQDVLWSSLYYAYEPIFMRWPARRLREKALQTVMQHIHYEDENTRYICIGPVNKVLNMLCCWVEDPQSEAFRLHIPRVYDYLWLAEDGMKMQGYNGSQLWDSAFAVQAIISTDLVEEYGLCLKRAHNYLKDSQVLEDCPGDLSFWYRHISKGAWPFSTADHGWPISDCTAEGLKAALLLSTFPSEIVGEPLDAERVYDAVNVILSLQNADGGFATYELTRSYQWLEFINPAETFGDIVIDYPYVECTSAAIQALTLFKRFYPTHRREEVDNCITKAGEFIERIQEENGSWYGSWGVCFSYGGWFGIKGLVAAGKTYSNCHSLRKACAYLLSKELRTGGWGESYLSCQNKVYTNLKGDRPHIVNTGWAMLALIEAGQAERDPTPLHRAAKILVNSQMENGDFPQGEIMGVFNKNCMISYSAYRNIFPIWALGVYRCRVLQSL"
"TP0445"	"MWKIKIADRGNCPYNEYLYTTNDFVGRQIWEFDPNSGTPEELAEIEEARRKFTENRYEVKPASDLLWMMQFLRKNNFKQTIPPLRIGEKEQVTYEDVTTALRRASSFFSALQASDGHWPAENAGVSFFLPPFIFCLYITGHLNSIITPEHRKEILRFIYNHQNEDGGWGIHIEGHSTVFATAFTYVCMRILGVGPDEDACARARKWILDRGGITYMASWGKTWFSVLGIFDWYGCNPMPPEFWILPSYLPIHPAKMWCYCRMVYMPMSYLYGKRFVAPITPLILQLREELHTQPYHEIEWRKMRHRCAEEDLYFPHSLIQNFLWDSLYVASEPLLTRWPFSKIRERALEKAMEHIHYEDENSRYITIGCVEKALCMLCCWVEDPNGEYFKKHLARIPDYLWVAEDGMKVVSFGSQLWDATFGFQALVASNLTDEVAPTLVKAYDFIKKCQVRDNPSGNFEKMFRHISKGSWTFSDQDHGWQLSDCTAEALKCCLLAATMPEELVGEKLDPQWIFESVNIILSLQEPKTGGLAGWEPVRAGQWMEMLNPMEFLENIVIEHTYIECTGSSIIAFITLKKLFPGHRTKDIDNFIVNAIRYLEDEQYPDGSWYGNWGICFIYSTMFALGGLAAAGRTYKNCQAVRRGVDFLLINQSDDGGWGESYISCPRKKYTPLEGRRSNVVQTAWAMLGLLYAGQAERDPTPLHRGAKLLINYQMEEGGYPQQEITGVFKMNCMLHYPIYRNAFPIWALGEYRKRVPLPSKGNSMAMKINSA"
"TP0446"	"MWRLKVGAESVGENDEKWVKSISNHLGRQVWEFCPDAGTPQQLLQIEKARKAFQDNRFHRKQTSDLLVSIQCEKGTTNGARVPGTKLKEGEEVRKEAVKSTLERALSFYSSIQTSDGNWASDLGGPMFLLPGLVIALCVTGALNSVLSKHHRQEMCRYLYNHQNEDGGWGLHIESPSTMFGSALNYVALRLLGEDADGGEGRAMTKARAWILGHGGATAITSWGKLWLSVLGVYEWSGNNPLPPEFWLLPYFLPFHPGRMWCHCRMVYLPMSYLYGKRFVGPITPVVLSLRKELYTVPYHEIDWNKSRNTCAKEDLYYPHSKMQDILWGSIHHMYEPLFTHWPAKRLREKALKTAMQHIHYEDENTRYICLGPVNKVLNMLCCWVEDPYSEAFKLHLQRVHDYLWVAEDGMKMQGYNGSQLWDTAFSVQAIISTKLVDNYGPTLRKAHDYVKNSQIQQDCPGEPNVWFRHIHKGAWPFSTRDHGWLISDCTAEGLKASLMLSKLPSETVGEPLERNRLCDAVNVLLSLQNDNGGFASYELTRSYPWLELINPAETFGDIVIDYPYVECTSATMEALALFKKLHPGHRTKEIDTAIARAADFLENMQRTDGSWYGCWGVCFTYAGWFGIKGLVAAGRAYSNCLAIRKACDFLLSKELPGGGWGESYLSCQNKVYTNLEGNRPHLVNTAWVLMALIEAGQGERDPAPLHRAARLLINSQLENGDFPQEEIMGVFNKNCMITYAAYRNIFPIWALGEYCHRVLTE"
"TP0447"	"MWKLKVADGGNDPYIYSMNNFVGRQIWEFDPTAGTPEERAEVERLRNDFTKNRLRGFPSADLLWRTQLLREKNFKQSIPPVKVEDGEELSYEIASDAMRRGAYFLAAIQASDGHWPSETSGPLFYLCPLIICMYIMGFMDTVFSSEHKKEIMRYIYNHQNEDGGWGLHVGGHSNMFCTTFNYISLRLLGEGADVEAVCRGRNWIRDHGGVTSILSWGKTWLSILNVFEWSASNPMPPEYWMFPTWVPIHPSNMMCYTRITYMPMSYLYGKRFQAPLTPLILQLRDELHTQRYHQINWRKVRHMCATEDLYFPHPFVQDLMWDTLYLLSEPLMTRWPFNKLIRQKALNETMRHIHYEDENSRYITIGCVEKPLCMLACWVEDPNSEYVKKHLARIPDYLWMAEDGMKMQSFGSQSWDAALAMQALLSCNITHEIGPTLNNGHQFINNSQVRNNPPGDYRSMFRYMSKGSWTFSDCDHGWQVSDCTAENLKCCLLLSSLPPEIVGEKMEPERFYDAVNVILNMQSKNGGLPAWEPASTYYWMEWLNPVEFLEDLIIEHQHVECTSSALQAILLFRKQYPGHRRKEINNFINKAVQFLQDIQLPDGSWYGNWGICYTYGTWFALKALSMAGKTYQNCEALRKGANFLLKIQNPEGGFGESYLSCPYKRYIPLDGKRSNLVQTAWGMMGLICAGQADVDPTPIHRAAKLLINSQTEDGDFPQEEITGEFFKNCTLHFAAFREVFPVMALGEYRNKVPLPSKKKTINSALN"
"TP0448"	"MWRLKIADGGNDPYIYSTNDFVGRQIWEFDPQAGTPEEREEVEQARLNFYNSRYKVKPSADLLWRMQFLKEKNFEQEIGAVKIEEGEEITQEKARRALRRAVHFYSALQATDGHWPAENAGPLFFLPPLVMCVYITGHLDQVFPKEHRKEILRYIYYHQNEDGGWGLHIEGHSTMFCTTLSYICMRILGEGPDGGLNNACARGRKWILDHGSVTYIPSWGKTWLSIFGVYDWAGSNPMPPEFWILPSFLPMHPAKMWCYCRMVYMPMSYLYGKRFVCQITPLIHELRQELHAQPFDKINWKKTRHQCAKEDLYYPHPLIQDLLWDGLYICTEPLLTRWPLKKLVREKALQATMKHIHYEDENSRYITIGCVEKVLCMLACWVEDPNGDYFKKHLARIPDYIWVAEDGMKMQSFGSQEWDTGFAIQALLAADMTDEIGPTLARGHDFIKKSQVKDNPSGDFKSMHRHISKGSWTFSDQDHGWQVSDCTAEGLKCCLLFSMMPPQIVGDKMEAQSLYDSVNVLLSLQSKNGGLAAWEPVTAQEWLEMLNPTEFFADIVIEHEYVECTASAIQALVLFKKLHPTHRTKEIDNFIENAVRYLQDIQMQDGSWYGNWGVCFTYGSWFALGGLVAAGKTFNNCAAIRKGVHFLLKIQMPDGGWGESYLCCPNKNYVPLEGNRSNLVHTAWAMMGLIHSGQAERDPTPLHRAAKLLINSQTEDGDFPQQEITGVFMKNCMLHYAAYRNIYPLWALAEYRKRVKLPNASP"
"TP0449"	"MWQLKIGADSVPVDPSNAGGWLSTLNNHVGRQVWHFHPELGTPEDLKQLQHARQNFSNHRFEKKHSADLLMRMQFAKKNPSFVNLPQIKVKDKEDVKEEAVTCTLRRAINFYSTIQADDGHWAGDYGGPMFLIPGLVITLSITGALNAVLSTEHQREVCRYLYNHQNKDGGWGLHIEGPSTMFGSVLSYVTLRLLGEEAEDGEGAVDKARKWILDHGGANQITSWGKMWLSVLGVYEWAGNNPLPPEIWQLTYLLPCHPGRMWCHCRMVYLPMCYLYGKRFVGPITPIIRSLRKELYLVPYHEIDWNKARNQCAKEDLYYPHPLVQDVLWASLRYVYEPLFMRWPAKRLREKALQSVMQHIHYEDENTRYICIGPVNKVLNMLCCWVEDPHSEAFKLHIPRIYDYLWIAEDGMKMQGYNGSQLWDTAFAVQAILSTKLVEEYGTTLTKAHKYIKDSQVLEDCPGDLKFWYRHISKGAWPFSTADHGWPISDCTAEGLKAVLLLSKLPSEIVGKSIDVERIYDAVNVILSLQNTDGGFATYELTRSYRWLELLNPAETFGDIVIDYPYVECTSAAIQALAMFKKLYPGHRRDEIDNCIAKAADFIESIQAADGSWYGSWGVCFTYGGWFGIKGLIAAGRRYDNCSSVRKACDFLLSKELAAGGWGESYLSCQNKVYTNIKDDRPHCVNTGWAMLSLIDAGQSERDPTPLHRAARILINSQMEDGDFPQEEIMGVFNKNCMISYAAYRNIFPIWALGEYRCRVLQAH"
"TP0450"	"MWKLKIAEGGNPWLRTTNNHVGRELWEFDPELGSPEDRAEIDKFREHFHKHRFEQKHSADLIMRYQLSKENPGITILPQVKVQGNEDITEDTVATTLRRALSFYSTLQTHDGHWAGDYGGPMFLMPGMVIALSVTGALNAVLTSEHKREMIRYLYNHQNSDGGWGLHIEGHSTMFGSVLSYVTLRLLGEGANDGEGAMEKGRKWILDHGSATAITSWGKMWLTVLGAFDWSGNNPLPPEIWLLPYFLPIHPGRMWCHCRMVYLPMCYLYGKRFVGPITPTVLSLRKELFTVPYHEIDWNKARNECAKEDLYYPHPLVQDILWASLHKVVEPILMHWPGKRLREKALRIVMEHIHYEDENTRYICIGPVNKILNMLCCWVEDPNSEAFKLHLPRIHDYMWVAEDGMKIKGYNGSQSWDTSFAIQAIIATELGEEYGSALRKAHSFIKNTQVLDDCPGNLDFWYRHISKGAWPFSTADHGWPISDCTAEGLKATLLLSKLPSEIVGDPLDAKRFYDAVNVLLSLQNSGGGFATYELSRSYPWLEIINPAETFGDIVIDYPYVECSSAAIQALTAFKKLYPGHRKEEVERCIAKAAAFIEKIQEADGSWYGSWAVCFTYGTWFGVLGLLAAGRNYTNSSSIRKACDFLLSKQISSGGWGESYLSCQNKVYTNLEGNRYHVVNTSWAMLTLIAAGQAERNPTPLHHAAKALINAQLENGDFPQQEISGVFNRNCMISYSAYRNIFPIWALGEYRSRVLKAK"
"TP0451"	"MWKLKIANGGSQWLRTNNKHVGRQTWEFDPNLGTPEEIEAVEKARREFTEHRFEKKHSADLLMRMQFAKENPVEINLPHIKLEEHEDVTEEAVLTTLRRAITRHSTLQAHDGHWPGDYGGPMFLMPGLIIALYVTGAINTVLSSEHRREIRRYLYNHQNKDGGWGLHIEGQSTMFGSSLTYVTLRLLGEGAECGDGAMQKGRKWILDHGGATAITSWGKFWLSVLGVFDWSGNNPLPPEMWLLPYFLPVHPGRMWCHCRMVYLPMSYLYGKRFVGPITPTILELRKEIFIQPYNKIDWNLARNECAKEDLYYPHPIIQDILWASLHKVAEPILLHWPGSKLREKALTTAIQHIHYEDENTRYVCIGPVNKVLNMLCCWAEDPNSEAFKLHLPRIFDYLWLAEDGMKMQGYNGSQLWDTAFTVQAIIATNLSEEFGPTLRNAHEYIKNTQVLDNCPGDLSFWYRHISKGAWPFSTADHGWPISDCTSEGLKAALLLSRISPKSVGDPIDAKWLYEAVNVILSLMNKDGGFATYELTRSYAWLELINPAETFGDIVIDYPYVECTSASIQALTSFKKLYPGHRREEIENCIKKAAHFIESIQRPDGSWYGSWAVCFTYGIWFGVLGLIAAGRTYKNSSTIRKACDFLLSKQLPSGGWGESYLSCQDKVYTNLEGNRYHAVNTGWAMLTLIDAGQADRDPNPLHRAAKALINLQMENGEYPQQEIMGVFNRNCMISYSAYRNIFPIWALGEYRNRVLCPSSQKQ"
"TP0452"	"MWRLKIANEGSGSPWLRTGNDHIGRQVWEFDNELEVGSTQQLEEIENARKLFYENRFQNKHSSDLLMRIQFAKEYPGTKVLPQVKVKDGNDITEEVVTTTLRRAISFHSTLQAHDGHWPGDYGGPLFLMPGLVITLSITGAPNAVLSEQHRKEMCRYLYNRQNKDGGWGLHIEGHSTMFGSVLNYVTLRLLGEGANDGEGAMERGRDWILGHGGATMITSWGKMWLSVLGVYEWSGNNPLPPEIRLIPYILPFHPGRMWCHCRMVYLPMSYLYGKRFVGPITPTVLSLRKELYNTPYHEINWDHARSQCAKEDLYYPHPLLQDLIWTSLHKGIEPILMRWPGKKLRDKALRTAMEHIHYEDENTRYLCIGPVNKALNMLCCWVEDPNSEAFKLHIPRIYDYLWIAEDGMKMQGYNGSQLWDTAFAVQAIISSNLGEEFEVTLRKAHAYIKNTQVLEDCPGDLHHWYRHISKGAWPFSTADHGWPISDCTAEGLKAAPLLSKFPSKMVGEPLDAKRLYDAVNVILSLQNPDGGFATYELTRSYPWLELTNPAETFGDIVIDYTYVECTSAAIQALVSFKGLYPGYRKEEIERCIEKAVAFTEQIQSSDGSWYGSWGICFTYGTWFGVRALVTAGKTYDNCSSVRKACKFLLSKQLPSGGWGESYLTCQNKVYTNLEEDRSHVVNTAWAMMALFDAGQAQRDPKPLNLAAQYLINSQMENGDFPQEEIMGVFNRNCMISYSAYRNIFPIWALGEYRTRVLQAC"
"TP0453"	"MWKLKIGADTVNEGNARWLRTCNNHLGRQVWEWEEAEAPSSEHAIDNARKAFAGNRFQKQHSADLLMRNQFTKENPCPFHIPQVRVDDTEEVTQEAVTITLRRAINFYSTIQAHDGHWPGDYGGPMFLLPGLIITLSVTGALNAVLSKQHQHEMCRYIYNHQNTDGGWGLHIEGPSTMFGTVLNYVSLRLLGEQAEAEDGQGQVARARNWVLDHGGATAITSWGKMWLSVLGVYEWSGNNPMPPETWMCSYLLPFHPGRMWCHCRMVYLPMSYLYGKRFVGPITPTVRSLRKELYTIPYHEIDWNKARNTCAKEDLYYPHPLVQDILWASLHYAFEPIFMKWPAKRLREKALVHVMHHIHYEDENTRYICIGPVNKVLNMLCCWIEDPNGESFRLHLPRIFDYLWIAEDGMKMQGYNGCQLWDTAFAVQAIISTGLAEEGATTIRKAHEFIKDTQVMEDCPGDLSFWYRHISKGAWPFSTRDHGWPISDCTAEGLKAVLLLSRLPSEIVGMPLDENRIFDAVNVILSLQNGDGGFATYELTRSYQWLELINPAETFGDIVIDYPYVECTSAAIQALAIFKKLYPGHRRVEIEDCIVKAATFIEKIQATDGSWYGSWGVCFTYGAWFGLKGLIAAGRTYKDSSSIQKACDYLLSKELAPGGWGESYLSCQNKAYTNLKENRPHIVNTAWALLTLVAAGQAERDPTPLHRAARILLNSQLENGDFPQQEIMGVFNKNCMITYAAYRNIFPIWALGEYKSKVLHSL"
"TP0454"	"MWSLKTADNGSGSPWLRSLNEHVGRQTWHFDPHSGSSTDRLAVEKARKDFTQNRFLKKHSADLLMRMQYARENLLPPLPDQVKINNHTDVTEDLVANTLKRAALFYSTIQAEDGHWAGDYGGPMFLMPGLVIVLYVTGSLNVILSEAHKEEMIRYLYNHQNKDGGWGLHIEGHSTMFGSVLSYVTLRLLGEDLNSGGDQAMQRGRTWILQHGGATAIPSWGKFWLSVLGVFERTGNNPLPPEIWLLPYFLPIHPGRMWCHCRMVYLPMCYIYGKRFTGKITELVLSLREELYGIPYTDINWSKARNECAKEDLYYPHPMLQDVLWGTLHKVVEPALMHWPGSSLRSKALATVIKHVHYEDENTRYICIGPVNKVLNMLCCWVEDPNSDAFKCHLPRIYDYLWLAEDGMKMQGYNGSQLWDVSFAVQALISTELLDTCGPMLKKAHAFIDKSQVRDDCPGDLQFWYRHISKGAWPFSTRDHGWPISDCTSEGLKAALHLSLLPPEIVGGPIPPERFYDAVNTMLSYQNANGGIATYELTRSYAWLELINPAETFGDIVIDYQYVECTSAVIQALATFQKLYPKHRTEEINECIEHAAGFIESIQKEDGSWYGSWGVCFTYAGWFGILGLIAAGRSYEHSKAIQDACSFFLSKELPSGGWGESYLSCQDKVYTNLENDRAHVVHTSWAMLALMRAGQAERDPEPLHERAAAILINAQLENGDYPQEEITGVFNRNCMISYSAYRNIFPIWALGEYKRRVLSYRV"
"TP0455"	"MLPYNQNSYKEALHGGHAAHNPPTLEEAIKRSQEFLLAHQHPEGFWWGDLECNVTSASHTLILYKILGIADRYPLHKFEKYLRRMQCSHGGWEMSFGDGGYLSATIEAYICLRLLNVPQSDPALQRALKNILARGGVTKARVFTKVCLALLGGFDWAALPSLPPWLMLFPAWFPWNIYEAASWARGCVVPLIVLLEKKPVFQVKPEVSFDELYVEGRAHACKALPFSAHDWVSNIFVAADRAFKLMERFGAVPFRQWSIKEAKKWVLDRQEEMGDFIGYNPPMLYFAVCLKLWGYEVTDPLLQRALLAHKKLTVETEDECWLQSSQSPVWDTALVIPALVESGLPPDHPALQKAGQWLLEKQILKHGDWALKTGGGRMQDDIGGGWAFQFVNSWYPDVDDSAAVVIALNCIKMPDEDVKNGAIARCLKWIAFMQGRNGGWAAFDRDSNQRWMDATPFSDIEAMLDVSTADVTARVLEMVGLMRLKHAAQPANNSLGKAHRHISTESIARGVDYLTKEQEKEGCWWGRWGVNYIYGTRGALMGLSQVAAKTHKKEIARGAAWLVKVQNKKNEKKQGAQDGGWGEACFSYDDPATKGQNSRSTASQTGWAMQGLLAAGEVLGRKYEMEAVEEGVQFLLDTQRKDGSWSEAEFTGGGFPKHYYLKYHYFAQHFPLSALARYRARLLQLSRPKNQA"
"TP0456"	"MALPFNQDSYKGDDEADVSKGAAKSPPSLEEAIQRSQEFLLAQQFPEGFWFGELEANVTIISHTVILYKLLGIEENFPMYKFERYLRRMQCSHGGWEIAYGIGSYLSATIEAYIALRLLNVPQSDPALQKALRVILDSGGVTKARIFTKICLALLGSFDWRGIPSLPPWLILCPTWFPLSIYEVSSWARGCIVPLLVILDKKPVFKVSPEVSFDELYAEGREHACKIIPISGDWTSKFFITVDRVFKMMERLRVVPFRQWGIREAEKWILERQEESGDYVNIFPAMFYSVMCMKVLGYETTDPVVQRALLGFKGFTIETADECKVQSTVSPIWDTAFIVRALVDSGIPPDHPALQKAGQWLLQKQILKHGDWAFKDRQNPVNQRGFACLQRDSQIETADECRVQSTLSPVWDTAFVVKALVDSGIPPNHPALQKAGQWLLQNQTLTHGDWAFKTQSGHLAAGGWAFQSHNRWYPDADDSAAVMMALDCIELPDEDVKNGAIARGLKWISALQSRNGGWAGYDKNCDQQWINKVPFNDLNGILDVPTADVTARVLEMVGRLSRLGAVGTPYSPRHCTLVESIPHLLLPETIARGLAYLRREQEGEGCWWGKWGVNYIYGTCGALLALSQVAPTTHQEEIARGAKWLAQVQNRCDKQKAAQGPRDGGWGESCFSYDDPALKGQNDASTASQTAWAVQGLLAAGDALGKYEVEAIEQGVQYLLATQRKDGTWHEAHFTGSCFAQHFYVRYHYYAQHFPLSALGLYRTRILQHQ"
"TP0457"	"MWSLKTADNGSDSPWLRSLNEHMGRQTWHFEPDSGSHADRLAIDKARKDFTENRFLKKHSADLLMRMQYARDNPLPPLPDQVTINNDYNEITEDSVVNTLKRAALFYSTIQAEDGHWAGDYGGPMFLMPGLVIVLYITGSLNVVLSEPHKEEMIRYLYNHQNKDGGWGLHIEGHSTMFGSVLSYITLRLLGQDLSNGVDQAMERGRAWILQHGGATAIPSWGKFWLSVLGVFEWTGNNPLPPEIWLLPYFLPMHPGRMWCHCRMVYLPMSYIYGKRFTGKITETVLSLREELYNILYKDIDWNKARNECAKEDLYYPHSMIQDVLWATLHKVVEPALMHWPGSSLRSKALATVMKHVHYEDENTRYICIGPVNKVLNMLCCWVEDPNSDAFKCHLPRVLDYLWVAEDGMKMQGYNGSQLWDTSFAVQALIYTELLDTCGPTLKKAHYFIDRSQVRDNCPGDLQFWYRHISKGAWPFSTGDHGWPISDCTAEGFKAALALSLLPSEIVGESIPTERFYDAVNTMLSYQNANGGVATYELTRSYPWLELINPAETFGDIVIDYQYVECTSAVIQGLAAFRKLYPKHRTEEISECIERAACYIESIQKADGSWYGSWGVCFTYAGWFGILGLTAAGRSYEHSKAIQTACNFLLSKQVPSGGWGESYLSCQDKVYTNLENDRAHVVHTSWAMLALILAGQADRDQEPLHRAAAVLINAQLENGDYPQEEITGVFNRNCMISYSAYRNIFPIWALGEYKRSVLSYK"
"TP0458"	"MLPYNQDFYNEDEAIKDGHSKGAGNVTTPPTLEEAIKSSQDFLLSQQYPEGYWWAELEANATITSHTVILYKILGIEDECPMDKMEKYLRRMQCSHGGWELFYGDGGALSVTIESYIALRLLNVPRTDPALKTALKFIVDKGGVTKSRMFTKICLALLGCFDWRSIPSLPPWVMLLPSWFLSSIYETACWARGCVVPLIVVFDKKPVFKVSPEVSFDELYAEGREHACKTLPFCGHLTSDFFIAVDHVFKMMERLGVVPFRQWGIREAEKWLLERQEDTGDYSGAYPPMFYSVVCMKTLGYQVTDPVVQRALLAFKNFSIERADECSVQSTLSPVWDTALVVRSLVESGLPPDHPALQKAGEWLIQKQITKHGDWSFKNPSGVAGGWAFQFFNRWYPDLDDSAVVVMALDCLKLPNEDVKNGAITRCLRWISSMQARGGGWAAYDKDSHQHWINSTPFSDLKAMLDPSTADVTARVLEMVGRLKLQGTSFDEANVLPPESIARGLTYLRREQENEGCWFGRWGVNYIYGTCGDLVALSLVAPMAHAEEIARGARWLVQVQNMHGKKINGPQDGGWGETCFSYNDPALRGQGDVSTASQTAWALQGLLAAGDALGKYEVESIEQGVQYLLPTQRKDGSWHEPHFTGGGFPIHFYLRYHFYPQHFTLGFLARYRTRMEASKIKPPIP"
"TP0459"	"MLPYNQDHHFGKVAENATMPPTLDEAIERSQDFLLSLQYPEGYWWAELEANVTLTAQTIMLYKILGIDHKYPIHKMKTYILRTQRAHGGWEIFYGDGGCLSTTIGAYMALRILGVPKTDPVLQKALKLIHSKGGVTKSRMFTKICLALLGCYDWKGIPSLPPWLVLLPSWFPFSLYDTASWVRGCVVPLTIIFDKKPVYKLNPLLCLDELYSEGKGKARVHLSFIPGDWTSNFFVGLDHVFKYMENLGVVPFRQWGIKEAERWTLERHEDSGDFHGIYPPMFYSIVSYSLLGYEITDPVVHRALESMRGFTVEREDECVVQSCISPMWDTAFVIRSLAESGLQPDHPALQKAGEWLLQKQATQHGNWFYKKRTGRAGGWAFQFFNRWYPDVDDSAAVSMALNAIKLQDDDVKKGAIKRCAEWISVMQCKDGGWAAYDCDNDREWLNCTPFGDLKAMIDPNTVDVTARVLEMVGRVKEAGDASAILPPRAIARGLAYLRREQETEGCWYGRWGVNYIYGTSGALMALALVAPSTHKEEIERGARWLVEVQNKRGTKGANGYSHTNGAREGGVAMNGNCKNMGAPEDGGWGETCFSYNDITLKGRNEVSTVSQTAWALQGLLAAGDALGKYEVESIEHGVQYLLSTQRKDGSWCEKHFTGGGFPRFFYIRYHLYAGHFPLSALARYRDRVRAGKMAK"
"TP0460"	"MLPYNQDFYNEDEALKDDHCEGAGNVSNPPTLDEAIKRSQDFLLSQQYPEGYWWAELEGNPTITSHTVILYKILGIEDEYPMDKMEKYLRRMQCIHGGWELFYGDGGQLSVTIESYVALRLLNVPPTDPALKKALKFIIDKGGVXKSRMFTKICLALLGCFDWRGIPSLPPWVMLLPGWFLSSIYETACWARGCVVPLIVVFDKKPVFKVSPEVSFDELYAEGREHACKTLPFCGDWTSHFFIAVDRVFKMMERLGVVPFQQWGIREAEKWLLERQEDTGDFLGVYPPMFYSVVCMKTLGYEVTDPVVRRALLSFKKFSIERADECSVQSSLSPVWDTALVVRSLVESGLPPDHPALQRAGEWLLQKQITKHGDWSFKNQSGVAGGWAFQFFNRWYPDLDDSAVVVMALDCLKLPNEDVKNGAITRCLKWISSMQCKGGGWAAFDKDNHQHWINSTPFSDLKAMVDPSTTDISARVLEMVGRLKLHGTSFDEAHFLPPESIARGLVYLRREQENEGCWFGRWGVNYIYGTCGALVALSLVAPMTHEEEIARGARWLVQVQNMHGKKINGPQDGGWGETCFSYNDPALKGQGDVSTASQTAWALQGLLAAGDALGKYEVESIGHGVQYLLSTQRKDGSWHESQFTGGGFPIHFYLRYHFYAQHFTLSSLARYRTRLQASKIKPPIP"
"TP0461"	"MALPYNQDLQNNIFAGDEAADDCKLGAADSRPIPSVDEAIKRTQNFLLGQQFPEGYWWGEFESNVTVATHTVLLYKILGIEEKYPMHKFERYLRRTQCSHGGWELSYGDGGYLSATIEAYIALRLLNVPRSDPALTKALQVILDGGGVTKARIFTKLYLALLGCFDWTGLPSLPPWLILFPAWFLSSIYEINCPTRGCVVPLTVVLDKKPVFKVSPEVSFDELYVEGRAHACKALPFSGDWTSKLFITVDRILKMMERFGVVPFRQRSFREAEKWLLERLEPESGQFVGAYAPMFYSVVCMKILGYEVTDPVVQRALLGFKLFTIETADECWVQATISPVWDTAFIVRALVESGIPPDHPALQKAGQWLLRKQILKHGDWTFKAGSGHLAGGWAFQFYNGWYPDIDDSAAVVMALDCIKLPDEDVKNGAIARCLKWLSIMQSRSGGWAAFDKNAEQHWIDSTPFSDIKAMLDSSSSDISARVLEMVGRLRLDLSAAGTPPARQRSALVALMPPEAIARGLAYLRRDQEEEGCWWGRWGVNYIYGTCGALIALSLVAPTTHEEEIARGAKWLVQVQNRLGNNKVLHGPQDGGWGETCLSYNDPALKAQSDASTASQTAWALQGLLAAGDALGKYEVEAMEQGVQYLLATQRKDGSWHESQFTGCGSPIHFYFRYHYYAQHFPLSALARYRTRILQVSHTN"
"TP0462"	"MALPYNQDLQNNIFAGDEAADDCKLGATDSRPVPSVDEAIKRTQNFLLGQQFPEGYWWGEFEGNVTVATHTVLLYKILGIEEKYPMHKFERYLRRKQCSHGGWEISYGDGGYLSATIEAYIALRLLNVPRSDPALTKALQVILDGGGVTKARIFTKLYLALLGCFDWTGLPSLPPWLILFPAWFLSSIYETACWARASVVPLTVVLDKKPVFKVSPEVSFDELYTEGRGHACKALPFSGDWTSKLFIMVDRILKMMDRFGVVPFRQRCFREAEKWLLERLEPESGELVGVYAPMFYSVVCMKTLGYEVTDPVVQRALLGFKLFTIETADECWVQASISPVWDTAFIVRALVESGIPPDHPALQKAGQWLLQKQILKHGDWTFKAGSRHLAGGWAFQFYNRWYPDADDSAAVVMALDCIKLPDEDVKNGAMARCLKWLSIIQSRSGGWASFDKNADQHWIDSIPFSDIKGMLDSSTSDVSARVLEMVGRLKLDLSGAGTPLAKQRGALVALMPPEAIARGLAYLRREQEEEGCWWGRWGVNYIYGTCGALMALSLVAPTTHEEEIARGAKWLVQVQNRLGNNKVLHGPQDGGWGETCLSYNDPALKEQSDASTASQTAWALQGLLAAGDALGKYEVEAMEQGVQYLLATQRKDGSWHESQFTACGFPMHFYLKYHYYAQHFPLSALARYRTRILQASHTN"
"TP0463"	"MALPYNQDLQNNIIAGDEAADGCKLGAADSRPVPSVEEAIKRTQNLLLGQQFPEGYWWGDHEANVTVATHTVLLYKILGIEEKYPMHKFERYLRRTQCSHGGWELSYGDGGYLSATIEAYIALRLVNVPRSDPALTKALQVILDGGGVTKARIFTKLYLALLGCFDWTGLPSLPPWLILFPAWFLSSIYETGCWARGSVVPLTVIFDKKPVFKVSPEVSFDELYAEGRVQACKALPFSGDWTSNFFIMVDRILKMMERFGIVPFRQRCFREAEKWLLERLEPESGGLVGIYAPMFYSVVCMRTLGYEVTDPVVQRALLGFKLFTIETADECWVQSSVSPVWDTAFIVRALVESGIPPDHPALQKAGQWLLQKQILKHGDWAFKAGSGQLAGGWPFQFHNRWYPDVDDSAAVVMALDCIKLPDEDVKNGAMARCLKWISVMQSRSGGWASFDKNAAGQHWINSTPFSDIKAMLDSSTSDVSARVLEMVGRLKLDPSTAGTPASRQRSVLVALMTPEAIARGLAYLRREQEEEGCWWGRWGVNYIYGTCGALMALSLVAPTTHEEEIARGAKWLVQVQNRPGSNNKLVLHGPQDGGWGETCLSYNDPALKGQSDTSTASQTAWALRGLLAAGDALGKYEVEALEQGIQYLLATQRKDGSWHESQFTGCGFPMHFYLKYHYYAQHFPLSALARYRTRILQSSHTN"
"TP0464"	"MALPYNQDFYNVDVQSEGDVCSLDEAIKRTQDFLLSQQYPEGYWWGELEGNVTIASHTIILYKILGIEKNYPLHKFERYLRRMQCSHGGWEFFYGDGGYLSGAIEAYMALRLLGVPQSDPALQKALKVILDGGGVTKARIFTKICLALLGCFDWRGLPSLPAWVSLCPAWFLSSMYETACWARGCVVPLLVIFDKKPVFKVSPEVSFDELYAEGRAHARKTIPFSGDWTSKFFIAVDRIFKMMERFGVVPFRQWGLREAEKWMLQRQEASGDFIGQYPPMFYSLVCMKTLGYETTEPVVQRALLSLKRFTIETEKECWVQASISPVWDTALIVRALAESGIPPDHPALQKAGQWLLQKQILKPGDWAFKTGTGHLAGGWAFQFYNRWYPDLDDSAVVVMALDSIKLPDEDVKNGAIARCLKWISTMQSRNGGWAAYDKNSDQHWIDSTPFSDLKAMLDSSTSDVSARVLEMVGRLKHLREPRQQRCALSESLSHLQEAIVHGLAYLRKDQEGEGCWWGRWGVNYIYGTCGALVALSLVAPTTHEEEIARGAKWLVQVQNRVGKRKAGHAPEDGGWGETCFTYNDPALKGESDGSTASQTAWALQGLLAAGDALGKYEVEAIEQGVQYLLVTQRKDGSWHEAHFTGCGFPIHFYLKYHYYAQHFPLSALARYRTRLLQASLNHNQQKY"
"TP0465"	"MWKLKVGAESAGEKNEKWLKSISNHLGRQVWEFCPDAAAPHHQLQLHNARKHFHHNRFSRKQSSDLLLAIQCEKEIANGAKVAAIKLKEGEGVRKEAVKITLERALGFYSAIQTPDGNWASDLGGPMFLIPGLVIALYVTGALNSILSKHHRQEMCRYLYNHQNEDGGWGLHIEGPSTMFGSGLNYVALRLLGEDADGGEGGAMTKARAWILARGGATAIPSWGKLWLSVLGVYEWSGNNPLPPEFWLLPYSLPFHPGRMWCHCRMVYLPMSYLYGKRFVGPITPIVLSLRKELFTIPYHEIDWNKSRNTCAKEDLFYPHPKMQDILWGSLHHLYEPLFSRWPGKRIREKALQTAMQHIHYEDENTRYICLGPVNKVLNMLCCWVEDPYSDAFKLHLQRVHDYLWIAEDGMRMQGYNGSQLWDTAFSIQAILSTKLVDSYGPTLRKAHDFVKNSQIQQDCPGDPNVWFRHIHKGAWPFSTRDHGWLISDCTAEGLKASLMLSKLPSEIVGEPLEKNRLCDAVNVLLSLQNDNGGFASYELTRSYPWLELINPSEMFGDIVIDYSYVECTAATMEALALFKKLHPGHRTKEIDTTLAKAANFLENIQRPDGSWYGCWGVCFTYAGWFGIKGLVAAGRTYNSCLAIRKACDFLLSKELPGGGWGESYLSCQNRVYTNLKGNRPHLVNTAWVLLALIEAGQAERDPAPLHRAARLLINSQLENGDFPQEEIMGVFNKNCMITYAAYRNFFPIWALGEYSHRVLTE"
"TP0466"	"MWRLKVADGGNDPYIYSMNNFIGRQIWEFDPNAGTPEERAEIERLRHHFTKNRHKGFPSADLLWRVQLLREKNFKQSIPAVKVGDGEEISYEMALDAMRRGAHFLAAIQASDGHWPSETSGPLFYVCPLLICMYIMGFMDKVFSPEHKKEMMRYIYNHQNEDGGWGLHVGGHSNMFCTTFNYISLRLLGEEPDVEAVCKARNWIHDHDGVTSILSWGKTWLSILNVFDWSASNPMPPEYWMLPTWVPIHPSNMMCYTRITYMPMSYLYGKRFQAPLTPLVLQLRDELHTQPYDQINWRKVRHMCATEDLYFPHPFVQDLLWDTLYLLSEPLMTRWPFNKLIRQKALNETMRHIHYEDENSRYITIGCVEKPLCMLACWVEDPNSEYVKKHLARIPDYLWMAEDGMKMQSFGSQSWDAALAMQALLSCNITREIGSVLNSGHDFIKNSQVRNNPPGDYKSMFRYMSKGSWTFSDCDHGWQVSDCTAENLKCCLLLSLLPPDIVGEKMEPERFYDAVNVILNMQSKNGGLPAWEPASSYYWMEWLNPVEFLEDLIIEHQHVECTSSALQAILLFRKQYPGHRRKEINNFINKAVQFLQDIQLPDGSWYGNWGICYTYGTWFALKALSMAGKTYENCEAVRKGANFLRKIQNPEGGFGESYLSCPYKRYIPLDGKRSNLVQTAWGMMGLICAGQADVDPTPIHRAAKLLINSQTEDGDFPQEEITGEFFKNCTLHFAAFREVFPVMALGEYCNKVPLPSKKK"
"TP0470"	"MWKLKVAERGNAPYSEYLYTTNDFSGRQTWEFDPNAGTPQELAKVEEARRKFTEDRHTVKPASDLLWMMQFMREKNFKQTIPPVRLGEEEQVTYEDLTTALTRTTNFFTALQASDGHWPAENGGVSFFLPPFIFSLYITGHLNSIITPEYRKEILRFIYNHQNEDGGWGIHIEGHSTMFGTAFSYVCLRILGIEVDGGKDNACARARKWILDHGGITYMPSWGKTWLSILGVYDWYGCNPMPPEFWLLPSYLPIHPAKIWCYCRMVYMPMSYLYGKRFVGPITPLILQLREELHTQPFHEIQWRQTRHRCAKEDLYYPHSLIQDFIWDSLYVASEPLLTRWPLNKIREKALAKAMEHIHYEDENSRYITIGCVEKALCMLCCWVEDPNSDYFKKHLARIPDYLWVAEDGMKVQSFGSQLWDATFGFQALVASNLTEDEVGPALAKAYDFIKKSQVKDNPSGDFESMHRHISKGSWTFSDQDHGWQLSDCTAEALKCCLLAATMPQEVVGEKMKPEWVYEAINIILSLQSKSGGLAGWEPVRAGEWMEILNPMEFLENIVIEHTYVECTGSSIIAFVSLKKLYPGHRTKDIDNFIRNAIRYLEDVQYPDGSWYGNWGICFIYSTMFALGGLAATGRTYDNCQAVRRGVDFILKNQSDDGGWGESYLSCPRKVYTPLDGRRSNVVQTAWAMLGLLYAGQAERDPTPLHRGAKVLINYQMEDGGYPQQEITGVFKMNCMLHYPIYRNAFPIWALGEYRKRVPLPSKGY"
"TP0471"	"MWRLKIAEGGNEAEPYLYSTNNYVGRQTWEFDPNSGTPEERALVEKARDDFYQNRYHVKPSSDLLWRMQFLQEKNFKQTIPAVKVEDGEEITHEIATTALRRAVHFFGALQAHDGHWPAENAGPLFFLPPLVMCMYITGHLDAVFPEEHRTEILRYIYNHQNEDGGWGLHIEGHSTMFCTVLSYVCMRILGEGPDGGRNNACGRARKWIHDHGGVTYIPSWGKTWLSIIGLFDWCGTNPMPPEFWILPSFLPMHPAKMWCYCRMVYMPMSYLYGKRFVGPITPLILQLRDELHTQPYNQINWKKVRHLCAKEDLYYPHPLIQDLLWDSLYIVSEPLLTRWPLNKMVREHALKVTMEHIHYEDENSRYITIGCVEKVLCMLACWVEDPNGDYFKKHLARIPDYLWVAEDGMKMQSFGSQEWDAGFAIQALLACNLVDEIGDVLARGHDFIKASQIKDNPSGDFKSMHRHISKGSWTFSDQDHGWQVSDCTAEGLKCCLLFSMMSPEIVGEKMEPERLYDAVNILLSLQSKNGGLAAWEPAGAQEWLELLNPTEFFADIVVEHEYVECTSSAIQAFVLFKKLYPGYRKKEIEVSIENAAKYLENVQMPDGSWYGNWGVCFTYGTWFALGGLTATGRTYNNCAATRKAVDFLIRTQRDDGGWGESYLSCPEKRYVPLEGGGSNLVHTAWAMMGLIHADQAERDPTPLHRAAKLIINSQLESGDFPQQEITGVFMKNCMLHYAAYRNIYPLWALAEYRKRVTLSSKV"
"TP0472"	"MWKIKIAERGNCPYSEYLYTTNDFVGRQIWEFDPNAGTPEELAEVEEARKKFTENRHEVKPASDLLWMQQFLRQKNFKQTIPPLRIGEKEQVTYEDVTTALKRASSFLSALQASDGHWPAENAGVLFFLPPFIFCLYITGHLNSIITSEHRKEILRFIYNHQNEDGGWGIHIEGHSSMFTTTFSYVCMRILGVGPDESACARARKWILDHGGITYMASWGKTWLSILGIFDWYGCNPMPPEFWILPSYLPIHPAKMWCYCRMVYMPMSYLYGKRFVGPITPLILQLREELHTQPYHEIQWRQMRHRCGKEDLYYPHSLIQNFLWDGLYVASEPLLTRWPFSKIREKALEKAMEHIHYEDENSRYITIGCVEKALCMLCCWVEDPNGDYFKKHLARIPDYLWVAEDGMKVVSFGSQLWDATFGFQALVASNLTNEVAPTLVKAYDFVKKCQVRNNPSGDFEKMFRHISKGSWTFSDQDHGWQLSDCTAEALKCCLLAATMPEELVGEKLDPQWIFESVNIILSLQEPKTGGLAGWEPVRAGQWMEMLNPMEFLENIVIEHTYVECTGSSIIAFITLKKLFPGHRTKDIDNFIVNGIRYLEDVQYPDGSWYGNWGICFIYSTMFALGGLAAAGRTYENCPAVRRGVDFLLINQSDDGGWGESYLSSPRKIYTPLEGRRSNVVQTAWAMLGLLYAGQVERDPTPLHRGAKILINYQMEEGGYPQQEITGVFKMNCMLHYPIYRNAFPIWALGEYRNRVKLPSKEIK"
"TP0473"	"MWKLKFSKGDDLWVTSLNNHLGRQYWEFDQNLGTHEERAQVEALRQQFWQNRFHAKQSSDLLMRLQFAKESVGLTESPQVKVEEEEEVTEEAVKNALKRALRFYSTIQAEDGHWPGDYGGPVFLLPYLVISLYVTGSLNMVLSNEHQHEMIRYLYNHQNLDGGWGLDIEGRSTMFCTALSYVTLRLLGQATDGGDGAMERARKWIVDRGGVTLIPSTGKFWLSILGVYDWSGNNPLAPEIWLLPYFLPIHPGRMWCHYRMAHLPMSYLYGKRFVGRLDAVVMSLREELYTVPYKHIDWDEARKSCASDDQYYPKPRIQDFLWGFLDKVIEPFLRQWPFSRLRHKALRTVMQHIHQEDESTQYICIGPVNKVMNMVCRWLESPNSEAFKLHLSRIKDYLWLAEDGMKMKGYNGSQLWDVAFSVQAIIAAKLEDEYGSMLKKAHQFLINTQVRKNTRINLNYCYRHKSVGGWPFSTLDNSWSAMNSSAEALKAVSLLSQMPLDVVGEGIATDQLYDAVDLVLSLQNSNGGFASYELTRSYAWLEMIDPAELFGDSIIDYQYVECTSSSIQSLKSFMEIHPGHRVKEIEACIRKAAQFIETEQLPDGSWYGRWGVCFTYGTWFAVKGLVAAGRTYQNCISIRKACDFLLSKQLKSGGWGESYLSCQDKIYINLEWDKSHIVNTAWAMLALIEAGQAQREPIPLHRAAKLLINSQMQNGDFPQQEIIGVMMKSCMISYSAFRNIFPIWALGEYYNCVLRPMQDGLKV"
"TP0474"	"MWRLKIGAETVGDGDGAWMRSVNGHVGRQVWEFCPELGSPEELSLVENARREFTNHRFEKKHSADRLMRIQFAKENLYSVNLPQIKVKASEDVTDEVVTTTLQRAVNFYSTIQADDGHWPGDYGGPLFLLPGLIITLHITGALNAVLSREHQHEMCRYLYNHQNRDGGWGLHIEGPSTMFGTALNYVTLRLLGEGIEGGEGTIENGRKWILDHGGATAITSWGKMWLSVLGVYEWTGNNPLPPEVWLCPYLLPMHPGRMWCHCRMVYLPMSYLYGRRFVGPITPTVLSLRKELYTVPYHEVDWNKARSTCAKEDLYYPHPLVQDVLWSSLYYAYEPTFMRWPARRLREKALRTVMQHIHYEDENTRYICIGPVNKVLNMLCCWVEDPQSEAFKLHIPRIYDYLWLAEDGMKMQGYNGSQLWDSAFAVQAIISTDLVEEYGLSLKRAHKYLKDSQVLEDCPGDLSFWYRHISKGAWPFSTADHGWPISDCTAEGLKAALLLSTFPSEMVGEPLDVERVYDSVNVILSLQNADGGFATYELTRSYQWLEFINPAETFGDIVIDYPYVECTSAAIQALSSFKRFYPTHRREEVDNCIAKAGEFIERIQEENGSWYGSWGVCFTYGGWFGIKGLVAAGKTYTNCHSLRKACAYLLSKELRTGGWGESYLSCQNKVYTNLKGDKPHIVNTGWAMLALIEAGQAERDPTPLHRAAKILVNSQMENGDFPQEEIMGVFNKNCMISYSAYRNIFPIWALGEYRRRVLQSL"
"TP0475"	"MWKLKIAEGETTPYLYSTNNFVGRQTWEFDPHAGTPDERAAVEEARENFFRNRGHVKPSSDLLWQMQFLKEKNFQQEIPAVKVEDGEKITYEKATTALRRAVRVFGALQASDGHWPAENSGPLYFLPPLVMCTYITGHLDTVFPAEHRKEILRYLYHHQNEDGGWGFHIEGHSTMFCTTLSYICMRILGEGPDGGMDDACARARKWIRDHGGAIYIPSWGKTWLSIFGVFDWSGSHPMPPEFWMLPSFLPMHPAKMWCYCRLVYMPMSYLYGKRFVGAITPLILQLREELYIEPYNEINWKRIRHFCAKEDLYYPHPLIQDLMWDSLYLFTEPLLTRWPLNKLIRDHALRLTMHHIHYEDENSRYITIGCVEKVLCMLACWVEDPNGDYFKKHLARIPDYLWVAEDGMKMQSFGSQEWDTGFALQALLASNLTDEIGPVLARGHDFVKKSQVKDNPSGDFKGMYRHISKGAWTFSDQDHGWQVSDCTAEGLECCLLFSMMPPEIVGKKMEPERLFDSVELLLSLQSKNGGLSAWEPATGQEWLELLNPTEFFEDIVIEHEYIECTASAINALVLFKKLYPEHRNKEIGNFITNAVRFLENMQWPDGSWYGNWGVCFTYGTWFALRGLAAAGKTYKNCSAVRKAVDFLLQSQRENGGWGESYRSCPEKRYIPLEGERSNLVHTAWALMGLIHSGQAQRDATPLHRAAKLIINSQLENGDFPQQEISGVFMKNCMLHYGAYRNMFPLWALADYRQLLPLPSDA"
"TP0476"	"MWKLKIAEGNKNDPYLYSTNNFVGRQTWEFDPDYVASPGELEEVEQARRQFWENRYQVKPSGDLLWRMQFLREKNFKQTIPQVKVGDDEAVTYEAATTTLRRAVHFFSALQASDGHWPAENAGPLFFLPPLVMCVYITGHLDTVFPAEHRKEILRYIYCHQNEDGGWGFHIEGHSTMFCTTLSYICMRILGEGPDGGVNNACVRGRKWILDHGSVTAIPSWGKTWLSILGVYEWTGSNPMPPEFWILPSFLPMHPAKMWCYCRMVYMPMSYLYGKRFVGPITPLILQLREELYAQPYNEINWRKTRHVCAKEDIYYPHPLIQDLLWDSLYVLTEPLLTRWPFNKLREKALQTTMKHIHYEDENSRYITIGCVEKVLCMLACWVEDPNGDYFKKHLARIPDYIWVAEDGMKMQSFGSQEWDTGFGIQALLASDLTHEIGPTLMKGHDFIKKSQVKDNPSGDFKGMYRHISKGSWTFSDQDHGWQVSDCTAEGLKCCLIFSTMPEEIVGKKMEPERLYDSVNVLLSLQSKNGGLAAWEPAGAQEWLELLNPTEFFADIVIEHEYVECTSSAIQALVLFKKLYPGHRKKEIDNFIMNAVRYLEDIQMPDGSWYGNWGVCFTYGSWFALGGLAAAGKTYYNCAAVRKAVDFLLKSQMDDGGWGESYLSCPKKVYVPLEGNRSNLVHTGWALMGLIHSEQAERDPTPLHRAAKLLINSQMEDGDFPQQEITGVFMKNCMLHYAAYRNIYPLWALAEYRRRVPLPSLGT"
"TP0477"	"MWKLKIAEGETTPYLYSTNNFVGRQTWEFDPHAGTPDDRAAVEAARENFFRNRGHVKPSSDLLWQMQFLKEKNFKQKIPAVKIEDGEKITYEKATTALRRAVGVFGALQASDGHWPAENSGPLYFLPPLVMCTYITGHLDTVFPAEHRKEILRYLYYHQNEDGGWGFHIEGHSTMFCTALSYICMRILGEGPDGGMDNACARARKWIRDHGGVIYIPSWGKTWLSIFGVFDWSGSNPMPPEFWMLPSFLPMHPAKMWCYCRMVYMPMSYLYGKRFVGAITPLILQLREELYIEPYNEINWKRIRHFCAKEDLYYPHPLIQDLMWDSLYIFTEPLLTRWPLNKLIRDHALRLTMNHIHYEDENSRYITIGCVEKVLCMLACWVEDPNGDYFKKHLARIPDYLWVAEDGMKMQSFGSQEWDTGFALQALLASNLTDEIGPVLARGHDFVKKSQVKDNPSGDFKGMYRHISKGAWTFSDQDHGWQVSDCTAEGLECCLLFSMMPPEIVGKKMEPERLFDSVELLLSLQSKNGGLSAWEPATGQEWLELLNPTEFFEDIVIEHEYIECTGSAINALVLFKKLYPEHRNKEIGNFITNAVRFLENMQWPDGSWYGNWGVCFTYGTWFALRGLAAAGKTYNNCSAVRKAVDFLLQTQRENGGWGESYRSCPEKRYVPLEGGRSNLVHTAWALMGLIHSGQAQRDATPLHRAAKLIINSQLENGDFPQQEISGVFTKNCMLHYAAYRNMFPLWALADYRQLLPLPSDA"
"TP0478"	"MWRLKIGEGSEDDKYLYSTNNYVGRQTWEFDPNYGSPEEKAQVDEARLNFWQNRYKVKPSGDVLWQMQFLREKGFKQTIPQVKIEDGEDISYEKASVTVKRAAHYFAALQASDGHWPAENAGPLFFLPPLVMCVYITGHLNQVFPAPHREEILRYLYCHQNEDGGWGLHIEGHSTMFCTALSYICMRILGEGPDGGVNNACSRARKWILDHGSVTHMPSWGKTWLSILGVFEWSGSNPMPPEFWILPSFLPMHPAKMWCYCRMVYMPMSYLYGKRFVAPMTPLILQLREELYDQPYDNINWPKVRHCCAPEDIYYPHPLVQDLIWDSLYICTEPLLTRWPFNKIRERALATTMKHIHYEDENSRYITIGCVEKVLCMLACWAEDPDGDYFKKHLARIPDYLWIAEDGMKMQSFGSQEWDTGFGLQALLATDLTDELGPTLRRGHEFVKASQVKDNPSGDFKSMHRHISKGSWTFSDQDHGWQVSDCTAEGLKCCLLFSMMSPEIVGKKFEPERLYDSVNVLLSLQSKNGGLAAWEPAGAQEWLELLNPTEFFQDIVIEHEYVECTASAIQALVLFSKLYPAHRKKEINAFIVNAAKYLEDIQMPDGSWYGNWGVCFTYGSWFALGGLAAAGKTYNNCAAVRKGVDFLLKSQLDDGGWGESYLSCPLKKYTQIEGSRSNLVQTAWATMGLIHSGQVERDPTPLHRAAKLIINSQEEKGGFPQQEITGVFMKNCMLHYAAYRNLYPLWALAEYRKRVALPSSTI"
"TP0481"	"MWRMNIAKGGNDPYLFSTNNYVGRQIWEFDPNYGTPEELAEVEQARAEFWNNRHKVKTSSDVLWRMQFLREKGFKQTIPLVKIEDGEEITDEKAKITLRRAVNLFSALQADDGHWPAENAGPEYFMQPLVMCLYVTGHLNSVFTEEYRKEILRYMYCHQNEDGGWGFHIEGHSIMFCTTLSYICMRLLGEGPDGGLNGACAKARKWILDHGTATANPSWGKTWLSILGLCEWSGTNPMPPEFWILPSFLPMHPAKMWCYCRLVYMPMSYLYGKRFVGPITPLILELRNEIFLQPYHEINWKSIRHVVAKEDIYYPHPLLQDLMWDSLYIFTEPLLNRWPFNKLREKALRTTMNHIHYEDENSRYITIGSVEKALCMLSCWVEDPNGICFKKHLARIPDYLWVGEDGMKMQSFGSQEWDAGFAIQALLATDLTEEIGSTLKKGHEFIKASQVKDNPSGDFKSMHRHISKGSWTFSDQDHGWQVSDCTAEGLKCCLLFSNMPPEIVGEHMKPEQLKDAVNIILSLQSKNGGLSAWEPAGSSDWLEYLNPTEFFADIVIEHEYVECTSASMQALVLFKKLYPGHRRKEIENFLPNACRYLENIQMPDGSWYGNWGVCFTYGTWFALGGLASIGKTYENCPAIRKGVKFLLETQLEDGGWGESYKSSPEKKYVPLEGGRSNLVHTAWAMMGLIHSRQEERDPTPLHRAAKLIINSQLENGDFPQQEIAGVFMKNCMLHYALYRDIYPMWALADYRKHVLPKLKRI"
"TP0482"	"MWRLKIGEGGNDPNLYSTNNYVGRQIWEYDRNAGIAEEREEVEEARRNFWNNRRHVKPSSDILWRLQFLREKNFKQSIPAVKVDDGQEINHQMATTALRRAVHLLSALQSSDGHWPAENAGSLFFLPPLIICLYITGHLNNIFPTEHTHEILRYLYCHQNEDGGWGLHIEGHSTMFCTALNYICMRILGEGPDGGKENACARARKWILDHGSVTAIPSLGKAWLSILGLYDWSGTNPMPPEIWSLPSSLSIHPGKMGCYCRMVYMPMSYLYGKRFVCRITPLISELREELHCEPYNQIRWKRYRHVCAKEDLYYPHPLIQDLIWDFFYICTEPLFTHWPVNKLRAKALDATMKHIHYEDENSRYITVGSVEKVLCMLACWVEDPNGDYFQKHLARIPDYIWVAEDGMKMQSFGSQLWDICFAIQALLASDMTEEITDTLRKGHDFIKNSQVKENPSGDFKSMYRHMSKGSWTFSDQDHGWQVSDCTAEGLKCCLLLSTMPQEIVGERIELERIYDAVNILLSLQSKNGGLPGWEPVRASDWLELLNPTDSFADLVIEHEHAECTASAIDALVLFKKLYPNHMTKEIESFITNASNYLEDVQMPDGSWYGNWGVCFIYGTWFALRGLAASGKTYNNCQVVRKAVNFLLTTQQKDGGWGESYRSCPEMKYIPLEGNRSNLVHTAWAMMGLIHSGQAKRDPTPLHCAAKLLINSQLENGDFPQQEIAGVFFKNGMLHFASYRSIYPLWALAEYRKQVP"
"TP0483"	"MWRLKIADGGNDPYIFSTNNFVGRQTWEFDPEAGSPEERAQVEAARQHFYHNRFKVKPCADLLWRFQVLRENNFKQTIPRVTIEDGEEITYQKVTSAVRRGAHHLAALQTSDGHWPAQIAGPLFFLPPLVFCMYITGNLESVFPEEHRKEILRYTYYHQNEDGGWGLHIEGHSTMFCTALNYICMRMLGEGPNGGHDNACARARKWIRDHGGVTHIPSWGKTWLSILGVFDWCGSNPMPPEFWILPSFLPMHPAKMWCYCRLVYMPMSYLYGKRFVGPITPLILQLREELFTQPYEKVNWKKARHQCAKEDLYYPHPLIQDLIWDSLYIFTEPLLTRWPFNKLIREKALQVTMKHIHYEDETSRYITIGCVEKVLCMLACWVEDPNGDAFKKHLARVPDYLWVSEDGMTMQSFGSQEWDAGFAVQALLATNIIEEIGPTFAKGHDFIKKSQVKDNPFGDFKSMHRHISKGSWTFSDQDHGWQVSDCTAEGLKCCLLLSMLPPEIVGEKMEPERLYDSVNVLLSLQSKKGGLAAWEPAGAQEWLELLNPTEFFADIVVEHEYVECTGSAIQALVLFKKLYPGHRKKEIENFITNAVRFLEDTQTADGSWYGNWGVCFTYGSWFALGGLAAAGKTYTNCAAIRKAVKFLLTTQREDGGWGESYLSSPKKIYVPLEGSRSNVVHTAWALMGLIHAGQADRDPMPLHRAAKLLINSQLEEGDWPQQEITGVFMKNCMLHYPMYRDIYPMWALAEYRRRVPLPSTEV"
"TP0484"	"MWKLKIAEGDKNDPYLYSTNNFVGRQTWEFDPDYVGSPGELEEVEEARRQFGENRYKVKPCGDLLWRLQFLREKNFKQTIPQVKVGDDEAVTYEAATTTLRRAVHFFSALQASDGHWPAEIAGPLYFLPPLVMCLYITGHLDTVFPAEHRKEILRYIYCHQNEDGGWGFHIEGHSTMFCTTLSYICMRILGEGPDGGVNNACARGRKWILDHGSATAVPSWGKTWLSILGVYEWMGSNPMPPEFWILPSFLPMHPAKMWCYCRMVYMPMSYLYGKRFVGPITPLILQLREELYAQPYNEIKWGKVRHVCAKEDIYYPHPLIQDLLWDSLYVLTEPLLTRWPFNKLREKALQTTMKHVHYEDENSRYITIGCVEKVLCMLACWVEDPNGDYFKKHLARIPDYIWVGEDGMKMQSFGSQEWDTGFGIQALLASDLTHELGPTLMKGHDFIKKSQVKDNPSGDFKSMYRHISKGSWTFSDQDHGWQVSDCTAEGLKCCLIFSTMPEEIVGKKMEPELLYNSVNILLSLQSKNGGLAAWEPVTAQDWLELLNPTEFFADIVIEHEYVECTASAIQALVLFKKLYPGHRKKEIDNFITNAIRFLEDVQMPDGSWYGNWGVCFTYGSWFALGGLAAAGKTYDNCAAVRKAVNFLLESQLDDGGWGESYLSCPKKVYVPLEGNRSNLVHTGWALMGLIHSGQAERDPTPLHRAAKLLINSQMEDGDFPQQEITGVFMKNCMLHYATYRNIYPLWALAEYRRRVPLPSLGA"
"TP0485"	"MWRLKVAEGGGPYEPYLYSTNNFVGRQIWEFNPDYGTPEERDEVEKARTHFTENRSRVKPSGDVLLRLHLLKENNFQQTIPQVKVGDNEEITYEAANTTLKRAMHFFSAMQASDGHWPAENAGPLYFLPPLVMALYITGHLDIIFPSEHKKEILRYIYNHQNGDGGWGFHIEGHSIMFCTVLSYICMRILGDGPFGGRNNAVERGRKWIHDHGGVVALPSWGKTWLSIFGLFDWSGCNPMPPEFWILPPYLPMHPAKMWCYCRLVYMPMSYLYGKRFVGPITDLVLQLRKELHSQSYETINWKKYRHVCCKEDLYYPHPMLQDLLWDSLYILTEPLLMRWPFNKLREKALKKTIDYIHYEDENSRYITIGCVEKVLCMLSCWAEEPNSDYFKKHLARIPDYIWVAEDGIKMQSFGSQQWDTGFATQAVLACNMIEETSAVLKKGHDYIKKSQVKDNPSGDFKKMFRHISKGSWTFSDQDHGWQVSDCTAEGLKCCLMLSQLPPELVGEKHDPQLLYEAVNVILSLQSKTGGIAAWEPVKAGAWLELLNPTEFFADIVIEHEYVECTAASIQAFVLFKKLYPGHRTKEIDAFIIKAIGFLQDIQMPDGSWYGNWGVCFTYGTWFALGGFAAAGKNYNNCEAVRKGVEFLLSSQRDNGGWGESYLSCPLKKYVPLEDNRSNLVHTSWAMMGLIHTGQAERDPTPLHRAAKLLINSQFENGDFPQQEITGVFMKNCMLHYAAYRNIYPLWALAEYRNKVKLPS"
"TP0486"	"MWRLKIAEGVDGPYLYSTNNYVGRQTWEFDPDYGTPDLRQQIEDARRDFWDNRHQVKPSSDVLWRKQFLHEKNFKHTIPQVKVGDGEEITHEAATATLRRAVHFFSALQASDGHWPAENAGPMFFLPPLVMITYITGHLNTVFPAEHRREILRYTYCHQNEDGGWGFHIEGHSTMFCTVLNYICMRILRESPDGGLNNACSRARKWILDHGTAKAIPSWGKTWLSILGVFDWSGSNPMPPEFWLLPSFLPMHPAKMWCYCRMVYMPMSYLYGKRFVGPITPLVKELREELYDQPYEEINWRSIRHLCAKEDLYYPHPLIQDLIWDSCYVLTEPLLTRWPFNKLREKALKVTMEHIHYEDENSRYITIGCVEKVLCMLACWVEDPNGDYFKKHLARIPDYLWVAEDGMKMQSFGSQEWDTGFAIQALLASDMADEIGETLKRGHEFIKNSQVKEDPSGDFRGMYRHISKGSWTFSDQDHGWQVSDCTAEGLKCCLLFSMMNPEIVGEKMEPEGLYNAVNILISLQSKNGGLAAWEPAGASEWLELLNPTEFFADIVIEHEYVECTSSAIQALVLFKKLHPHHRKKEIETTIEKAAGYLEDVQRPDGSWYGNWGVCFTYGTWFALGGLAAAGRTYNNCAAVRKGVDFLLKSQREDGGWGESYLSCPKKEYVPLEHDRSNLVHTSWAMMGLIHSGQSERDPTPLHRGAKLLINSQLEDGDFPQQEITGVFMKNCMLHYAAYRNIYPLWALAEYRKRVTLPSRAT"
"TP0487"	"MWKLKIAEGNNPYLYSTNNFVGRQIWEFDHNAGTPEEREAQREAFQKARDEWSEGRKKGFHSCGDLFLRLQLKEESGIDLLSIPPVRVGEDEEISYEKATTAVKKALRLNRAVQASDGHWPAENAGPMFFTPPLLIALYISGTINTVLTSEHIKELIRYIYNHQNEDGGWGFYIEGHSTMIGSALSYVALRILGEGPDAGNGAMARARKWILDHEGATGIPSWGKTYLSVLGVYEWDGCNPLPPEFWLFPSMFPYHPAKMWCYCRTTYMPMSYLYAKQYHGPLTDVVLAIRDEIHLKPYDQIDWNKARHHCCKEDLYYPHSAIQDLLWDTLNYCTEPVMRRWPLNKIRQKAMDKAIKYMRYGAEESRYITIGCVEKILQMMCWWAHDPNCDEFKHHLARVPDYLWLAEDGMKMQSFGSQLWDSALATQAVISTGMVEEYGDCLKKAHFYIKESQVKENPKGDFTAMYRHFTKGSWTFSDQDQGWVVSDCTAEALKCLLILSQMPKEIAGEKADVERLYEAVNVLLYLQSPLSGGFAIWEPPVPQPYLQVLNPSELFADIVVEQEHVENTAAIIQSLIAFKRLYPGHRAKEIEASVSKALSFLEGKQWPDGSWYGYWGICFLYGTCFVLGGLAAAGKTYENSEAVRKGVNFFLSTQNEEGGWGESLESCPSMKYIPLEGNRTNLVQTSWAMLGLMYGGQAERDPKPLHRAAKLLINAQMDDGDFPQEEITGVYMKNCMLHYAQYRNVFPLWALGEYRKRVWSSQCL"
"TP0488"	"MWKLKVADGGNDPYIYSTNNYVGRQIWEFDPDYGTLEAKAEVEQARQDFWNNRYDIKPSGDVLWRMQFLREKNFEQKIPQVKIEDDEEITYEKATTTLKRAVHFFSALQADDGHWPAENAGPLFFLPPLVMCTYITGHLNSVFPAEHRKEILRYLYCHQNEDGGWGFHIEGHSTMFCTTLSYICMRILGEGPDGGLNNACARARKWILDHGSVTYIPSWGKTWLSILGVYEWSGSNPMPPEFWILPSFLPMHPAKMWCYCRMVYMPMSYLYGKRFVGPITPLILQLREELFAEPYDQINWKKTRHWCAKEDMYYPHPLIQDLMWDSLYICSEPFLTRWPFNKLIRKKALETTMKHIHYEDENSRYITIGCVEKVLCMLACWVEDPEGDYFKKHLARIPDYLWVAEDGMKMQSFGSQEWDTGFALQALLASDLTEEIGPTLKKGHYFVKESQVKDDPSGDFKSMYRHISKGSWTFSDQDHGWQVSDCTAEGLKCCLLFSMMPPEIVGEQMKPEQLYNSVNLLISLQSKNGGLAAWEPAGSSEWLELLNPTEFFADIVIEHEYVECTSSAIQALVLFKKLYPAHRRKEIEGFITNAARFLQDIQNPDGSWYGNWGVCFTYGTWFALGGLSAAGKTYNNCLAIRKAVDFLLNTQRDDGGWGESYKSCPNKEYVPLEGKRSNLVHTSWALMGLIHSGQAKRDAKPLHRAAKLLINSQLENGDFPQQEITGVFMKNCMLHYAAYRNIYPLWALAEYRKRVLFLTTSV"
"TP0489"	"MWRLKVGEGKNDPYLFSTNDYTGRQTWEFDPDAGTPEERAEVEAARQAFYDNRFQFKNCGDLLWRFQFLRDKNFKQTIPKVKVEDGQQITYEMATDTVRRAAHHLGGLQSSHGHWPAQIAGPLFFMPPLVFCLYITGHLNTVFPEEHRKEILRYIYYHQNEDGGWGLHIEGHSTMFCTALSYICMRMLGEGPEGGLNNACVRARKWILDHGGVTHIPSWGKTWLSVLGIFDWSGSNPMPPEFWILPSFLPMHPAKMWCYCRMVYMPMSYLYGKRFVGPITPLIKQLREELFTQPFEEINWKKARHQCASEDIYYPHPWVQDLIWDTLYICSEPLLTRWPFNKLIREKALQVTMKHIHYEDENSRYITIGCVEKVLCMLACWVEDPNGDAYKKHLARVPDYLWLSEDGMCVQSFGSQEWDAGFAVQALLAANLVDEIAPVLAKGHDFIKKSQVKDNPSGDFKSMHRHISKGSWTFSDQDHGWQVSDCTAEGLKVCLQMSLLPPEIVGEKMEPERLFDSVNVLFSLQSKKGGLAAWEPAGAQEWLELLNPTEFFADIVVEHEYVECTGSAIQALVLFKKLYPGHRKKEIDNFIINAVRFLEDTQTADGSWYGNWGVCFTYGSWFALGGLAAAGKTFSNCAAIRKAVHFLLTTQKEDGGWGESYLSSPKKIYVPLEISRSNVVQTAWAMMGLIHAGQADRDPTPLHRAAKLLINAQLENGDWPQQEVTGVFMKNCMLHYPMYRNIYPMWALAEYKRRVPLPSNAS"
"TP0490"	"MWKLRIGEKNGKFNIGDGNGDDYLHSTNNFVGRQTWEFDPDAGTQEERDEIERFREQFLINKKKLDISCCADLLMRNQLIKESGIDLISVPPVRLGDDEDVNYEAVTTAVRKAVRLNRAIQAWDGHWPAENAGPLFFTPPLIIAMYISGTLDTILTQEHKREMIRYMYIHQNEDGGWGFYISGRSTMIGTALNYVGLRLLGEDDNDAIAKGRKWILDHGGATSIPSWGKVYISVLGVYEWAGCNPLPPEFWLFPSFLPYHPAKMWCYCRTTYMPMSYLYGRGFQGPITDLVKSLRKEIHVTPYHQIDWNKQRHNCCKEDLYYPHTYIQDLLWDGLHYFSEPLVSKWPFKKLREKGLKRVLDLMQYNAEEGRYITMGCVEKALQMMCFYALDPNGVDFKRHLARLPDYLWVAEDGMKMQSFGSQLWDCTLVTQAIIASDMVEEYGDSLKKANFYLKESQIKQNPKGDFENMCRQFTKGAWTFSDQDQGWVVSDCTAEAVKCLLALSQMPQEISGEKVDVERLYDAINVLLYLQSPETGGFAIWEAPVPKPYLEKLNPSELFADIVVEREHVECTGSIIQALQTFKTLHPGHRQKEIEVAIEKGIRFLENRQQENGSWYGYWGICYLYGTYFVLQGLVACGQTYENSEAVRKAVKFFLSTQNSEGGWGENFESCPQEKFIPLEGNRTNLVQTSWAMLGLLCGGQAERDPTPLHKAAKLLINGQMDNGDFPQQEITGVYMKNCMLHYAEYRNTFPLWALGEYRKRVWLPKQET"
"TP0491"	"MWELKIAEGDGPYLYSTNNFVGRQFWEFNPDAGTPEEKEEIEKVRQKFNDNRKKGGFHACGDLLMRMQLMKENAIDLTSILPVRISEGEQVNYEATTIAVRKAVRLHRGIQAKDGHWPAENAGPLFFTPPLVIALYISGTINTVLSEDHKKEMIRYFYNHQNEDGGWGFYIEGHSTMIGSVLSYVALRLLGEVEDGGDGAIARARKWILDQGGAASIPSWGKVYLSVLGVYKWEGCNPLPPEFWLFPSTFPFHPAEMWCYCRTTYMPMSYLYGKRIQGPLTPLVSSLRKEIHITPFEDINWNKQRNNCCKKDFYYPHSFLQDALWHSLHYLTEPALKYWPFSKLRGRSLDRVVELMRYESEETRYMTIGCVEKSLQMMCWWAENPNGDEFKYHLARVPDYLWIAEDGMTMHSFGSQVWDCSLATQAIIASNMVEEYDDCLEKAHFYLRESQVKENPSGDFTRMCRQFTKGSWTFSDQDHGWTVSDCTAEALKCLLLLSNMPKNIAGEKDDTARLYEAVNVLLYMQSPVSGGFAVWEPPIPKPFLQLLNPSEIFADIVVEKEHVETTSSIIGALIEFKRVHPNHRKEEIEYSISNAIRYLEETQWHDGSWYGYWGVCFIYGTFFALRALSTAGKTYKNNEAACKGVNFLLSIQNEEGGWGESLLSCPTEVYTPLDGNQTNLVQTSWAMLGLLFGGQVDRDPTPLHRAAKLLINAQMDNGDFPQQEITGVYMKNCLLLYAQYRNIFPLWALGEYRKRVWSIKKGIQN"
"TP0492"	"MWRLKIAEGGNDPYLHSTNNFIGRQIWEFDPNHGTSEDQAEVEQARTDFWNHRHQVKPSSDVLWRMQFLKEKEFKQTIAQVKIEDSEEISYEKTTTTLKRCVSFFAALQASDGHWPAENAGPLYFMQPLVICLYITGHLNIVFPEEYRKEILRYLYCHQNEDGGWGFHIEGHSTMFGTTLSYICMRLLGEGVDGGLNGACTKARKWILDHGSVTTIPSWGKTWLSILGVCEWAGTNPMPPEFWLLPSFLPMYPAKMWCYCRLVYMPMSYLYGKRFVGPITPLVLQLRDELYAQPYDEINWKSIRHLCAKEDLYYPHPLLQDLMWDSLYICTEPLLNRWPLNKLRQKALDTTMKHIHYEDENSRYITIGSVEKALCMLACWVEDPNGVCFKKHIARIPDYIWVAEDGMKMQSFGSQEWDAGFAIQALLAADLTEEIGSTLMKGHEFIKASQVKDNPSGDFKSMHRHISKGSWTFSDQDHGWQVSDCTAEGLKCCLLFSTMPPEIVGEHMKPEQFNDAVNVILSLQSKNGGLAAWEPAGSSEWLEVLNPTEFFADIVIEHEYVECTSSAIQALVLFKKLYPGHRRKEIESFLTGASGYLEKIQMEDGSWYGNWGVCFTYGTWFALGGLTAVGKTFENCLAIRKAVKFLLETQLEDGGWGESYKSCPEKRYVPLEEGRSNLVHTAWAMMGLIHSRQMERDPMPLHKAAKLLINSQLENGDFPQQEIAGVFMKNCMLHYALYRNIYPMWALADYRKHVLKGI"
"TP0493"	"MWRLRIGQGNKDDPYLFSTNNFVGRQIWEYDENYKATPEELEEVKQARSSFWNNRHKQRPCDDRLWRFQFLREKNFKQTIPREIILDESEIKYETVDNALKRAVRYWTALQASDGHWPSANNGCHYFTPPIVMCLYITGHLDTFFSTQDKEEMLRYIYCHQNEDGGWGFHLEGHSIMFCTAVNYICMRMLGEGPDGGLDGACSRARKWILDHGSVTAIPSWGKTWLSALGLYEWSGSNPMPPEFWLLPSFLPISPGKIWCYCRMIYMPMSYLYGKRFIGPITPLILQLRKELYSIPYHEVNWRKVRHLCAKEDIYYPHPWLQDLAWDTLHLAVEPILTRWPFKSMIREKALKTTMRHIHYEDENSRYITIGCVEKALCMLACWVEDPHGDYFKKHLSRIRDMIWVQEDGMTVQSFGSQQWDSSLSVLALIDCNMIDETGSTLKKGHEFIKNSQVRDNPSGDFKSMYRHISKGGWTYSDQDHGWQVSDCTAHALMSCLLLSKMPLEIVGEKMETERLFDCINLLLSLQYKNGGFSGWEPAGASKWLEMLNPSEMFADIMIEIQYVECTSSALQALILFKKLYPEHRTQEVANCISNAIRFLEDTQWTDGSWYGEWGVCFTYATWFATKGLAAAGKTYEQSPTIRRATEFLLKHQQEDGGWGESYLSCPNLEFTSLEESRSNVVQTSWCLMSLIQCGQAERDLTPIHRGAKFLINSQMEDGDFPQKEITGSFRKNCMLHYACHRNIFPMWALAEYKNRVSKII"
"TP0494"	"MWRLKIAEGDKKNPYLYSTNDFVGRQIWEFDPDGGTREERQQVEDARLHFYKHRYEVKPSGDLLWRMQFLRDNNFEQSIPQVRVEEGEEITYETASTALRRAVHFFSALQASDGHWPAENAGPLFFLPPLVMCVYITGHLNSVFPAEHRREILRYIYYHQNEDGGWGFHIEGHSTMFCTALSYICMRILGEGPDGGQDDACARARKWILDRGGVTCIPSWGKTWLSILGVFEWAGSNPMPPEFWILPSFLPMHPAKMWCYCRMVYMPMSYLYGKRFVGPITPLVQQLREELHTQPYDTINWRKVRHLCAKEDLYYPHPLLQDLLWDSLYICTEPLLTRWPFNKLREKALEVTMKHIHYEDENSRYITIGCVEKVLCMLACWVEDPNGDYFKKHLARIPDYLWVAEDGMKMQSFGSQEWDTGFAIQALLASNLTDEILPTLARGHDFIKKSQVKENPSGDFKSMYRHISKGSWTFSDQDHGWQVSDCTAEGLKCCLLFSLMPPELVGEHMEPERLFDSVNVLLSLQSKNGGLAAWEPVTAQDWLEILNPTEFFADIVIEHEYVECTSSAIQALVLFKKLYPGHRKKEIDNFISNAVRYLQDIQMPDGSWYGNWGVCFTYGTWFALGGLSAAGKTYSNCEAVRRAVAFLLRTQLDDGGWGESYRSCPDKVYVPLEGDRSNLVHTSWAMMGLIHSGQAERDPTPLHRAAKLIINSQMENGDFPQQEITGVFMKNCMLHYAAYRNIYPLWALAEYRKRVPLPSKSL"
"TP0495"	"MWKLKVGDGENDPYLFSTNNFVGRQVWEYDPDAGTPEERAQVEAARQNFYDNRFKVRPSSDLLWRYQFLREKNFKQTIPPVKIEDGEEITYEKATAAVRRCVNFWAALQSDHGHWPAENAGPAFYFPPLVMSLYVSGHLDTVFHAEHRREILRYIYYHQNEDGGWGLHIEGHSTMIGTVLNYACMRLLGEGPDGGLDNACARGRKWILDHGGAIATASWGKTWLAITGLYDWDGCHPMPPEFWVFPSFMSPSEMFCYCRLTYMPMSYLYGKKFVGPITPLIKQIREEIYNERYDQIKWWKVRHLCAKEDAHYPHTLLQTLMWDTLYFGTETLLARWPFKKIRERALEKTMEHIHYEDENSRYITIGCVEKPLMMLCCWVEDPNGDAFKKHLSRVADYVWVGEDGIKMQSFGSQVWDCGLSLQALLASNLVDEIGPMLKKGHYFLKESQVDRNPYGDHKKMFRHISKGAWTFSDKDHGWQVSDCTAESLKCCLLFAMMPPEIVGEQMEPEKVYDAVNVILSLQSKNGGVSAWEPSGAGSWLELLNPVEFLEDLVIEYEYVECTSSSIQALLLFRKLYPGHRKKEVDKFLVNATQFIQDIQKPDGSWYGNWGICFIYGTWFALVALEAMGKTYYNCEAVRRGVEFLLKAQNEDGGWGESYLSCPTKVYTPLGRTNLIHTSFAIMGLIHSGQVERDPTPLHRGAKILINGQLEDGDFPQQELMGVFMRNCMLHYSAYRNIFPVWALSEYRKYVPLPSKPN"
"TP0496"	"MWKLVVAEGANAWLRTTNGHIGRQIWEFDPNAGSPDELEEIENARTEFVQNRFEKKHSADRLMRIQFSKENTVVASPQIKIKENEDLTENTVTHTLRRAINFYSTIQAHDGHWPGDYGGPMFLMPGLVITLSITGALNAVLSDEHKYEMRRYLYNHQNEDGGWGLHIEGHSTMFGSVLNYVTLRLLGERPNDGDGAMERGRQWILDHGGATAITSWGKMWLSVLGVYEWSGNNPLPPEIWLLPYKLPFHPGRMWCHCRMVYLPMSYLYGNRFVGPITATVMSLRKELYNVPYHEIDWNQARNLCAKEDLYYPHPLVQDILWASLHKAVEPIFTHWPGKKLREKALRSTMEHIHYEDENTRYLCIGPVNKVLNMLCCWVEDPNSEAFKLHLPRIHDYLWLAEDGMKMQGYNGSQLWDTAFATQAIIATNLVEEFGPTLRKAHLFIKNSQVLEDCPGDLDFWYRHISKGAWPFSTADHGWPISDCTAEGLKAALLLSKIPLDVVGESLEAKRLYDAVNVILSLQNNDGGFATYELTRSYSWLELINPAETFGDIVIDYPYVECTSAAIQALTSFKKLYPGHRREEIERCIEKACMFIESIQKSDGSWYGSWGVCFTYGTWFGVKGLVAAGRSYSTCITIRKACDFLLAKQLHSGGWGESYLSCQDKVYTNLKGNRSHVVNTSWAMLALIDAGQAERDPMPLHRAAKLLINSQLENGDFPQEEIIGVFNKNCMITYAAYRNIFPIWALGEYRCRVLHVS"
"TP0497"	"MWKLEIAEGGPRLTSVNNHIGRQHWEFDPNAGTPEERAQVEKAREDFKENRFRVKQSADLLMRMQLTKENPCGPIPGAVKVKETEEITEQAVTTTLRRAISFFSSIQAHDGHWPVENAGPLFFLPPLVMALYVTGSMDTVFTSEHKKEIKRYIYNHQNEDGGWGFHIEGHSTMFGSALSYIALRLLGEGPEDGEDRAMASGRNWIRDHGGLIGIPSWGKFWVTVIGLYEWSGCNPLPPEFWLLPNISPIHPGKMLCYCRLVYMPMSYLYGKRFVGPITELILSLRQELYCEPYHEINWNNARNTVAKEDLYYPHPLVQDMLWGFLYHVAEPILKRWPFSMLREKALKVAISHVHYEDQNSQYLCIGCVEKVLCLIACWVEDPNSEAYKLHLARIPDYYWVAEDGLKMQTFGSQMWDQAFAVQAIISSDLTEYGPTLRKAHDFVKASQIRENPSGNFKSMYRHIRKGAWAFSMQDHGWQVSDCTGEGLKSALLFSQMPPELVGEKTETERLYDAVNVILSLQSSNGGFPAWEPQRAIGLLEKFNPTEFFEDTLIEREYVECTSSAIQGLALFKKLHPRHRRQEIENCILKGLRYIKDMQKPDGSWYGCWGICYTYGTWFAVEGLVTCGENYRNSPTIRKACEFLLSKQLPCGGWGESYLSSQNKVYTNLEGNRANLVQTAWALLSLIDAGQAEIDPVPIHRGIKVLINSQMEDGDFPQQEITGVFMRNCTLNYSAFRNIFPIWALGEYRRRILFA"
"TP0498"	"MWKLKIAKGQDGPYLYSTNNYIGRQTWEFDPNAGTAEERAEIEEARQQFWNNRYKVKPSSDLLWRMQFLGEKNFKQGIPAVKVEEGEEISHEVATNALRRAVHFFSALQASDGHWPAENAGPLFFLPPLVMCMYITGHLNSVFPAEHRKEILRYIYCHQNEDGGWGLHIEGHSTMFCTALSYICMRILGEGPYGGKNNACARARKWILDHGSVTAIPSWGKTWLSILGVFEWIGTNPMPPEFWIFPSFLPVHPAKMWCYCRMVYMPMSYLYGKRFVGPITPLILQLRVELYDQPYNEINWKKVRHVCAKEDLYYPHPLVQDLMWDSLYICTEPLLTRWPFNKLRNKALQVTMKHIHYEDENSRYITIGCVEKVLCMLACWVEDPNGDYFKRHLSRIPDYLWVAEDGMKMQSFGSQEWDTGFAIQALLATEMNNEIADTTLRKGHDFIKQSQVKDNPSGDFKGMYRHISKGSWTFSDQDHGWQASDTTAKALRCCLLFSMMPSELVGEAIEPARLYDSVNVILSLQSKNGGLAAWEPAGASEYLELLNPTEFFADIVIEHEYVECTASSIQALILFKKLYPGKRTKEINNSIHNAVKYLEDVQMPDGSWYGNWGVCFTYGSWFALGGLAAAGRSYSNCSAVRRGVEFLLRTQRSDGGWGECYRSCPDKVYREPETDDSNLVQTAWALMGLIHSGQVDRDLRPLHRAAKLLINSQMEDGDFPQQEITGVFMKNCMLHYAAYRNIYPLWGLAEYRKNVLSPLKHN"
"TP0499"	"MWKLKTAEGEGAWLTSTNNYIGRQHWEFDEEAGTLQRRELLLKQCANDFHPKNRCFHKQKCDLLMRVQLRKENRRGPIPAGVKLEESEDITEEAVKATLTRGISYYSTVQAHDGHWPAESAGPLFFLPPLVMALYVTGDMNTVLSPAHQMEIKRYTYNHQNEDGGWGFHVEGHSTMFGTVFNYVALRLLGEGVQEDNALAKGRKWILDHAGAVATPSWGKFWLAVLGVYEWDGCNPMPPEFWIMPTLFPVHPGKMLCYARLVYMPMSYLYGKRHVGTITSLVQSIRDEIHTQPYHEIDWNKARNTCAKEDLYYPHPLIQDTLWGFLHHFAEPVLKRWPFNKLREKALNLAMEHIHYEDQNSRYICIGCVEKVLCLMACWVEDPNSEAYKRHLARLPDYYWISEDGLKFQSFGCQTWDAVFSIQAILSSDLAEEFGPTLKKANDFLKASQVRENPSGNFKKMYRHISKGGWTFSMQDHGWQVSDCTSEGLKCALLFSQMPTELVGKTLETEAFLMQQCYFSLCRVENGGFPAWEPQRAYRWLEKFNPTEFFEDTIIEREYVECTSSAIQALALFKKLHPGHRRKEIDAAITKGLQYIENTQNPDGSWTGCWGICYTYGTWFAVDGLVACGRTYTTSHALQKACQFLLSKQLPDGGWGESYLSNSNKVYTNIEGDQSNLVQTSWALLSLINAGQAEIDPTPIHRGIRLLINSQLEDGDYPQQGVTGAIYEELPLNYASHRNIFPIWALGQYRKSFLK"
"TP0500"	"MWKLKIAEGGSPWLRTTNNHVGREVWEFDPNLGSPEDRAEIEKFREHFSMHRLEQKHSADLIMRYQLSKENQGISILPQVKVQDNEDITVDDVATTLRRALSFYSTLQNQDGHWAGDYGGPMFLMPGLIIALSITGALNAVFSSEHKREMIRYLYNHQNSDGGWGLHIESHSTMFGSVLSYVTLRLLGEGANDGEGAMEKGRKWILDHGSATAITSWGKMWLTVLGAFDWSGNNPLPPEIWLLPYILPIHPGRMWCHCRMVYLPMCYLYGKRFVGPITPTVLSLRKELFTVPYHEVDWDKARNECAKEDLYYPHPLVQDVLWASLHKVVEPILMHWPGKRLREKLLRTVMEHVHYEDENTRYICIGPVNKVLNMLCCWVEDPNSEAFKLHLPRIHDYMWVAEDGMKMKGYNGSQSWDTSFAIQAIIATGLGEEYGPTLRKAHSFIKNTQVLDDCPGNLDFWYRHISKGAWPFSTADHGWPISDCTAEGLKVVLLLSKLPSEIVGDPLEAKRLYDAVNVLLSLQNSGSGGFATYELTRSYPWLELINPAETFGDIVIDYPYVECSSAAIQALTAFKKLYPGHRKEEVEHCIAKAAAFIEKIQEADGSWYGSWAVCFTYGTWFGVLGLLAAGRNYNDSSSIRKACNFLLSKQVSSGGWGESYLSCQNKVYTNLKGNRSHVVNTAWAMLTLIASGQAERNPTPLHSAARVLINAQLENGDFPQQEISGVFNRNCMIKYSAYRNIFPIWALGEYRLRVLKAN"
"TP0506"	"MWKLKIAEGGPDLVSLNNFIGRQHWEFDPDAGTPEERAEVERLREEFKKNRFHKKQSDDLLMRLQLRNENPCGPIPPPVQVKETEVITEEVVITTLKRALSFFSSIQAHDGHWPAESAGPLFFLQPMVMALYITGGLNVVLSPAHQKEIIRYLYNHQNEDGGWGFHIEGHSTMFGTTLSYIALRLLGEGLEDGEDMAMARARKWILDHGSLVAIPSWGKFWVTVLGVYEWSGCNPLPPEFWILPNFFPMHPGKMLCYCRLVYMPMSYLYGKRFVGPIASLIQSIRQELYNEPYHQINWNKARSTIAKEDLYYPHPFMQDMLWDFLHYVAEPILTRWPFSMLREKAIKAAIGHVRYEDENSRYLCIGSVEKLLCLLARWVEDPNSEAYKLHLARLPDNYWVAEDGLKVQSFGCQMWDVGFAIQAILSCNLNEEYGSTLRKSHEFVKASQVRENPSGDFKAMYRHISKGAWTFSMQDHGWQVSDCTAEGLKVALLFSQMSQDLVGEKMETDRFYDAVNVILSLQSSNGGFPAWEPQRAYRWLEKFNPTEFFEDTLIEREYVECTASVVQGLALFRKFYPKHRRTEIDSSISNAIQYIEDVQEPDGSWYGHWGVCYAYGTWFAVGGLAACGRNYRNCPALRKTCEFLLSKQLPNGGWGESYLSSQNKVWTNIEGNRANLVQTAWALLSLIDAGQAEIDPTPIHRGVRVLINAQMEDGDFPQQEITGVFMRNCTLNYSSYRSIFPIWALGEYRRQVLFA"
"TP0507"	"MWKLKIGEGKNDPYLFSTNNFAGRQTWEFDPEAGTPEERAEVEEARQNFHKNRRIFPACGDLLWRMQFLREKNFKHTIPPVKIEDGEEITYEKATITLRRAVHFYAALQSCDGHWPAENAGPLFFLPPFVLCFYITGHLNTVFPAEYKKEILRYIYNHQNEDGGWGFYIGGHSIMFCTILSYICMRILGEGPDGGQDNACARARKWILDRGGATHISSWGKSWLSILGVFEWAGANPMPPEFWLLPPYVPMYPAKMWIYCRLVYLPFSYLYGRRFVGPITPLIIQLREELYTQPYSEVNWAKARHQCAKEDIYYPHPLIQDLLWDSLYILTEPILTRWPLNKLVREKALKAAMKLIHYEDEITRYITIGVVEKSMCMLACWVEDPDGDAYKKHLARVKEYIWVAEDGIKAHSFGSQSWDAGFSIQALLASDLIDEIGPVLAKGHEFIKRSQVRNNPVGDFRKMHRHISKGSWTFSDQDHGLQVSDCTAECLKCCLLFSMMPPEIVGEKMEPECLFDAVNILLYLQSKNGGLSAWEPAGAQEWLEWLNPTEFFEGIVVEHEYVECTASSIQALLLFKKLHPEHRKKEIENSIRKAVQYILDIQMPDGSWYGNWGICFLYGTWFALGALFAVGKTYNNCSAIRKAVDFLLSTQKDDGGWSESHLSCPEKIYIPLEVNRSNLVQTSWAMMGLIIAKQAERDPTPIHRAAKLIINSQLENGDFPQQETTGVYLKNCMLHYSAYRNVFPLWALGEYRKHVPLPSKTM"
"TP0508"	"MWRLKIGEGSNEPYLFSTNNFAGRQTWVFDPEAGTPEERAEVEEARQNFYKNRRQVRASGDLLWRMQFLREKNFKQTIPPEKIEDGEEITDEKATNALRKAVHFTAALQSSDGHWPAENAGPMFFIPPFVICCYITGHLNTIFPAEYRKETLRYVYNHQNEDGGWGLHLEGHSIMFGTVLNYICMRILGEGPDGGQDNACARARKWILDRGGATHIPSWGKNWLSILGVFEWTGCNPMPPEFWLLPSFLPIHPAKMWIYCRLVYMPFSYIYGKRFVGPITPLILQLREELFTQPYNEIKWMKVRHLCAKEDLYYPHPWVQDLLWDSLYILTEPLLTRWPFNKLVREKALQVTMKHIHYEDEISRYITVGVVEKAICMLACWVEDPNGDYFKKHLARMKDFIWIAEDGMKMQSFGSQLWDASLIIQAFLASDLTNEIGPVLARGHNFIKISQVKDNPSGDFRRMYRHMSKGSWTFSDQDHGLQLSDCTAEALKCGLLFSMMPPEIVGEKMEPEWLFDAVNILLSLQSKNGGFAAWEPARAGHWLDLLNPVEFLEDVVVEHEFVECTASTIQAFVLFKKFHPKHRKREIDSAIRNAVRYLEDTQMPDGSWYGFWGICFIYGSWFALGGLAAAGKTYHNCPTIRKAVDFLLRTQKDDGGWGESYLSCPKKEYVPSEGNRSNVVQTAWAMMALIHAGQAKIDPKPLHRAAKLIINSQMEDGDFPQQETTGVFFKNCMLHYPLYRNFFPLWALAEYRKSVPLPSRTM"
"TP0509"	"MWRLKVGAESVGEKEEKWLKSISNHLGRQVWEFCADQPTASPNHLQQIDNARKHFRNNRFHRKQSSDLFLAIQNEKEIANGTKGGGIKVKEEEDVRKETVKNTVERALSFYSAIQTNDGNWASDLGGPMFLLPGLVIALYVTGVLNSVLSKHHRQEMCRYLYNHQNEDGGWGLHIEGTSTMFGSALNYVALRLLGEDADGGEGGAMTKARGWILDRGGATAITSWGKLWLSVLGVYEWSGNNPLPPEFWLLPYCLPFHPGRMWCHCRMVYLPMSYLYGKRFVGPITPIVLSLRKELYTIPYHEIDWNKSRNTCAKEDLYYPHPKMQDILWGSIYHLYEPLFTRWPGKRLREKALQMAMKHIHYEDENSRYICLGPVNKVLNMLCCWVEDPYSDAFKFHLQRVPDYLWIAEDGMRMQGYNGSQLWDTAFSVQAIISTKLIDSFGTTLKKAHDFVKDSQIQQDFPGDPNVWFRHIHKGAWPFSTRDHGWLISDCTAEGLKASLMLSKLPSKIVGEPLEKSRLCDAVNVLLSLQNENGGFASYELTRSYPWLELINPAETFGDIVIDYPYVECTSATMEALTLFKKLHPGHRTKEIDTAVAKAANFLENMQRTDGSWYGCWGVCFTYAGWFGIKGLVAAGRTYSTCVAIRKACDFLLSKELPGGGWGESYLSCQNKVYTNLEGNRPHLVNTAWVLMALIEAGQAERDPAPLHRAARLLINSQLENGDFPQEEIMGVFNKNCMITYAAYRNIFPIWALGEYFHRVLTE"
"TP0510"	"MWKLKIGEKNGKFNIGDGNGDEYLYSTNNFVGRQTWEFDPDAGTQEEREQVERFREQFLINKKKLDISCCADLLMRNQLIKESGIDLLSEPPVRLGEEEDVNFEAVTTAVKKAVRLNRAIQAWDGHWPAENADPLFFTPPLIIALYISGTLDTILTEEHKKEMIRYMYIHQNEDGGWGFYISGRSTMIGSVLNYVGLRLLGETSSPNDNGDGALAKGRKWILDHGGATSIPSWGKVYLSALGVYEWAGCNPLPPEFWLFPSFLPYHPAKMWCYCRTTYMPMSYLYGRSFHGPITDLVISLREEIHVIPYHQINWNKQRHNCCKEDLYYPHTYIQDLLWDGLHYFSEPLITKWPFKKLREKGLQRVLELMQYNAEEGRYITMGCVEKALQMMCFFALDPNGIDFKRHLARLPDYLWMAEDGMKMQSFGSQLWDCTLVTQAILSSDMVDEYGDSLKKAHFYLKESQIKENPKGDFANMCRQFTKGAWTFSDQDQGWVVSDCTAEALKCLMALSQMPQEIVGEKAEVEQLYDAVNVLLYLQSPQSGGFAIWEAPVPKPYLEKLNPSELFADIVVEREHVECTGSIIQALQTFKDLHPGHREKEIEVAIEKGIHFLENRQQENGSWYGYWGICYLYGTYFVLQGLVSCGKTYENSEAVRKAVNFFLSTQNSEGGWGENFESCPQEKFIPLEGNRTNLVQTSWALLGLLCGGQAERDQTPLHKAAKLLINGQMDDGDFPQQEITGVYMKNCMLHYAEYRNTFPLWALAEYRKRVWLPKQEN"
"TP0511"	"MWELKIAEGEGPYLYSTNNFVGRQFWEFNPDGGTPEEKEEIEKVRQNFKDNRKKGGFHACGDLLMRMQLMKENAIDLTSILPTRLSEGEQVNFEAVTTAVKKAVRLQRAIQAKDGHWPAENAGPLFFTPPLLIALYISGTINTILTEEHQKEMKRYFYNHQNEDGGWGFYIEGHSTMIGSALSYVALRILGEGEDGGDGAIAKARKWILDHGGASSIPSWGKVYLSVLGVYEWEGCNPLPPEFWLFPSAFPFHPAEMWCYCRTTYMPMSYLYGKRIQGPITHLVSSLRKEIHPIPFEDINWNKQRNNCCKEDYYYPHSFLQDALWHSLHYITEPIVKYWPFSKLRGRSLDRVVELMRYESEETRYMTIGCVEKSLQMMCWWAENPNGDEFKYHLARVPDYLWIAEDGMTMHSFGSQLWDCALATQAIIASNMTEEYDECLKKAHFYIRESQVKENPSGDFTQMCRQFTKGSWTFSDQDHGWTVSDCTAEALKCLLLLSNMPQEIAGEKDDNARLYEAVNVLLYMQSPVSGGFAVWEPPIPKPFLQLLNPSEVFADIVVEKEHVETTSSIIGALIEFKHVHPRHRKEEIEHSISNGVRYLEETQWYNGSWYGYWGVCFIYGTFFALRALSSAGKTYDNNEAVRKGLKFLLSIQNGEGGWGESLLSCPTEVYTPLDGNRTNLAQTSWAMLGLMFGGQVERDRMPLHKAAKLLINAQMDNGDFPQQEITGVYMKNCLLLYAQYRNIFPLWALAEYRKRVW"
"TP0512"	"MWRLKIAEGGNDPYLYTTNNFVGRQIWEFDSNHGNPEELAEVEQARTHFWNHRHQVKPSSDLLWRMQFLKEKQFKQTIPQVKIEDSEEISYEKATTALRRSVNFFAALQASDGHWPAENAGPMYFMQPLVMCLYITGHLDTVFPAEYRKEILRYLYCHQNEDGGWGFHIEGHSTMFGTTLSYICMRLLGEGVDGGLNGACTKARKWILDHGTVTTIPSWGKTWLSILGVCEWAGTNPMPPEFWLLPSLLPMYPAKMWCYCRLVYMPMSYLYGKRFVGPITPLILQLRDELYAQPYNEINWKSIRHLCAKEDLYYPHPLLQDLMWDSLYICTEPLLNRWPFNKLRQKALDTTMKHIHYEDENSRYITIGSVEKALCMLACWVEDPNGICFKKHLARIPDYIWVAEDGMKMQSFGSQEWDAGLAIQALLAADLTEEIGPTLMKGHEFIKASQVKDNPSGDFESMHRHISKGSWTFSDQDHGWQVSDCTADGLKCCLIFSTMPPEIVGEVMKPEQLYDAVNIILSLQSKNGGLAAWEPAGSSEWLEILNPTEFFADIVIEHEYVECTSAAIQALVLFKKLYPQHRRKEIESFLTSACGYLEKIQMQDGSWYGNWGVCFTYGTWFALGGLTAVGKTFENCSAIRKAVKFLLEKQMDDGGWGESYKSCPEKKYIPLEGGRSNLVHTAWAMMGLIKSRQMDRDPKPLQRAAKLLINSQLENGDFPQQEITGVFNKNCMLHYALYRNVFPIWALADYRKLLEDM"
"TP0513"	"MWRLRIGQGDKDDPYLFSTNNFVGRQIWEFDENYVATPEELEQVKQARCFFFNNRHKQKPCGDYLWRFQFLREKNFKQTIPREIVVEENEISYGIVTNTLKRSVRYWAALQASDGHWPSANNGCHYFMPPIIMCLYITGHLDTFFLAEDRKEILRYIYYHQNEDGGWGFHIEGHSIMFCTTLNYICMRMLGEGPDGGHENACSRARKWIIDHGSVTAIPSWGKTWLSILGLYEWSGSNPMPPEFWLLPSFLPFSPGNIWCYCRMVYMPMSYLYGKRFIGPITPLILQLRKELYSIPYHEVKWTKVRHACAKEDIYYPHPWLQDLAWDAIYVAVEPILTRWPFKNLIREKALTTTMKHIHYEDENSRYITIGCVEKALCMLACWVEDPNGDYFKKHLTRIRDMIWVQEDGMTVQSFGSQHWDSVLSIHALIDCNMVDETGPTLEKGHEFIKHSQIKDNPSGDFRSMYRHISKGGWTYSDQDHGWQLSDCTAHGLMCCLLLAKMPREIVGEKIKTKHLFDSINLLLSLQYKNGGFSGWEPAGSPKWLEMLNPSEMFADIMIEYQYVECTSSVLQAMILFQKLYPDHRTQEVAKCISNAVRFLEDTQWPDGSWYGEWGVCFTYATWFATKGLFAAGKTFDESPTIRKATEFLLKIQQEDGGWGESYRSCPNLEFTPLEGNRSHSVQTSWCLMSLIYCGQAERDPTPIHRGAKFLINSQMEDGDYPQEEITGSFRKNCMLHYASHRNVFPIWALAEYRNRVSLSSRSI"
"TP0514"	"MWKLKIAEGGDDEWLTTTNNHVGRQHWEFDPDAGTEEERTEIEKMRLHFKLNRFQFKQSADLLMRTQLRKENAIDENKIPKAIKLNETEEVSNDAVTTTLRRAISFYSTIQAHDGHWPAESAGPLFFLPPLVIALYVTGAMNDILTPAHQLEIKRYIYNHQNEDGGWGLHIEGHSTMFGSVLSYITLRMLGEEGNSVAEDMAVVKGRKWILDHGGAVGIPSWGKFWLTILGVYEWGGCNPMPPEFWLLPKFFPVHPGKMLCYCRLVYMPMSYLYGKRFVGRITKLVHSLRQELYTNPYDEINWNKARNTCAKEDLYYPHPFVQDMVWATLHNVVEPILTRRPFSTLREKAQKVAMEHVHYEDKSSRYLCIGCVEKVLCLIATWVEDPNSDAYKRHLARIPDYFWVAEDGMKMQSFGCQMWDAAFAIQAIFSSNLVEEYGQTLKKAHEFVKASQVRDNPPGDFSKMYRHTSKGAWTFSIQDHGWQVSDCTAEGLKVALLYSQMSPELVGEKLETERLYDAVNVILSLQSENGGFPAWEPQRAYAWLEKFNPTEFFEDVLIEREYVECTSSAVQGLTLFKKLHPGHRTKEIEYCISKAVKYVEDIQESDGSWYGCWGICYTYGTWFAVDALVACGKNYHNSPTLQKACKFLLSKQLPDGGWGESYLSSSNKVYTNLEGNRSNLVHTSWALISLIKAGQAEIDPTPITNGIRLLINSQMEEGDFPQQEITGVFMKNCNLNYSSYRNIFPIWALGEYGRIVQNV"
"TP0515"	"MWKLKIAEGCGNPLLRTTNDHTGRQVWEFDPDDSVDESPAVEAARREFSSRRNQTKNSSDLVMRMQFSKSNRLKMNLPAIKLDERAFATEEDVLISLKRAIGRYSALQAHDGHWPGDYAGTLFLLPSLIVALHVTESLNTVLSSEHQKEMRRYLYNHQNEDGGWGLHIEGTSTMFCSVMNYVALRLLGEGLDSCGAMLQARSWILDHGGATLTPSWGKFFLSVLGVYEWSGNNPLPPEIWMMPYFLPIHPGRMWCNCRLVYLPMSYLYGKRFVGAITSSVVLDLRKELYIVPYDEIDWDKARNGCAKEDLYYPHSPLQDVVWATLKKVGEPLLMHWPGSKLRQRALDVVMEHIRYEDETTQYICIAPLNKMLNMICRWVEDPNSEAFKLHIERVYDFLWVAEDGMKMKSYNGSQLWDTALTVQAIFATGLTEEFGPTIKLAHDYIKRSQIRVDCPGDQSKWYRHISKGGWTHSTADQGWPVSDCTAEALKVLLLLTKVPPELAGEPMEASRLDDSVNLLLSLMNEDGSFGAYELTRSYEWLELLNPSESFGGIMIEYPYVECTSSVIQGLVLFRETYPKHCRREEIDNCIRKAADYTESIQRADGSWYGCWAICFTYGTWFGVRGLIAAGRTYKNSQSIRKACEFLLSKELPSGGWGESYLSSQDKVYTNLEGNKAHAVNTSWAMLALIDAGQGKRDPACLHRAAKVLINFQMEDGEFPQQDIIGATNHNLMLTYAQFRNIFPIWALGEYHRRVLQAQKA"
"TP0516"	"MWRLKIAEGSGNPLLRTTNGHVGRQVWEFDPAADDPDEVAAVDAARRDFTSRRHQMKNSSDLLMRMQLSKSNNLKMNLPPIKLEQHGYHTEEDDVLISLRRAINRCSTLQAHDGHWPGDYAGTLFLLPSLIVALHVTGALTTVLTSEHQKEIRRYLYNHQNEDGGWGLHIEGTSTMFCTVMNYVALRLLGEGLDSCGAMLQARSWILDHGGATLTPSWGKFFLSVLGVYDWSGNNPLPPELWMMPYFLPIHPGRMWCNCRLVYLPMSYLYGKRFVGATTSIVLDLRKELYNVPYNEIDWDKARNGCAKEDLYYPHSPLQNIVWATLKKIGEPVLMHWPGSNLRKKALDIVMKHIKYEDETTQYICIAPLNKMLNMICCWVEDPKSEAFKLHIERVYDFLWVAEDGMKMKSYNGSQLWDTALTVQAIFATGLTKEFGHTIKVAHDYIKHSQIRADCPGDQSKWYRHLSKGGWTHSTADQGWPVSDCTAEAFKVLLLLTKVPELVDEPIETSRLDDAVNILLSLMNDDGSFGAYELTRSYEWLELLNPSESFGGIMIEYPYVECTSSVIQGLVLFREMYPKHIRLEEIDSCIQKAADYIESIQWSDGSWYGCWAICFTYGTWFGVRGLVAAGRTYVNSLAIRKACEFLLSKELLPSGGWGESYLSSQDKVYTNLEGNRAHAVNTSWAMLALIDAGQGQRDPACLHRAAKILMNFQSEDGEFPQQDIIGATNHNLMLTYAQFRNIFPIWALGEYYQRVLPVA"
"TP0517"	"MWKLKIAEGGDPWLRTTNDHIGRQIWEFDPTLGSVEELAEIEKLRKTFRDNRFEKKHSADLLMRSQFAKENSVSVFPPKVNIKDVEDITEDKVTNVLRRAIGFHSTLQADDGHWPGDYGGPMFLLPGLVITLSITGALNAVLSKEHKREMCRYLYNHQNIDGGWGLHIEGHSTMFGSALNYVTLRLLGEGANDGEGAMEKGRKWILDHGGATAITSWGKFWLSVLGVFEWPGNNPLPPEMWLLPYFLPVHPGRMWCHCRMVYLPMSYLYGKRFVGPITSTVLALRKELFTVPYHDIDWNEARNLCAKEDLYYPHPLIQDVLWATLDKFVEPVLMSWPGKKLREKALRTAMEHIHYEDENTRYICIGPVNKVLNMLCCWVEDPNSEAFKLHLPRIQDYLWIAEDGMKMQGYNGSQLWDAAFTVQAIMSTNLIEEFGPTLKKGHIFIKKSQVLDNCYGDLDYWYRHISKGAWPFSTADHGWPISDCTAEGLKAALLLSKLPSEIVDEPLDAKRFYDAVNVILSLMNADGSFATYELTRSYSWLELINPAETFGDIVIDYPYVECTSAAIQALVAFKRLYPGHRRDEVQGCIDKAAAFLEKIQEADGSWYGSWAVCFTYGTWFGVKGLVAAGKNYSNCSSIRKACNFLLSKQLASGGWGESYLSCVDKVYTNLEGNRSHVVNTGWAMLALIDAEQAKRDPTPLHRAARVLINSQMENGEFPQQEIMGVFNRNCMITYAAYRNIFPIWALGEYRCRVLKVET"
"TP0518"	"MWKLKVAEGNDPYLFSTNNFVGRQIWEFDPSAGSPVERQEVEDARQQFKNNRREGVHPCGDLLMRIQLIKENGIDVMSIPPVRLGENEDVNYDAVTTTVKKALRLNRAIQAKDGHWPAENAGPMFFTPPLLIAMYISGTINTHLTKEHRTEMIRYIYNHQNEDGGWGFYIEGHSTMIGSALSYVALRLLGEGPDDGNGAVDRARKWILDHGGAASIPSWGKTYLSVLGVYEWEGCNPLPPEFWLFPEALPFHPAKMWCYCRTTYMPMSYLYGRKYHGPITDLVLQLRQEIHPIPYHKINWNKQRHNCCKEDLYYPHSTVQDLLWDGLHYLSEPILKYWPFTKLRERGLKRAVELMRYGAEESRYMTIGCVEKSLQMMCWWAENPNGDEFKHHLARVPDYLWLAEDGMTMHSFGSQLWDCVLATQAIIASDMVEEFGDSLKKAHFYIKESQIKQNPSGDFSKMCRQFTKGAWTFSDQDQGWVVSDCTAEALKCLLLLSQMPEEISGKKADNERLYEAVNVLLYLQSPISGGFAIWEPPVPQPYLQMLNPSEIFADIVVEKEHVECTSSIIKALLAFKDLHPGHREKEIEISVAKAVCFLEGKQCHDGSWYGYWGICFLYGTFFTLAGLVSAGKTYDNSEAVRKAVNFFLSTQNEEGGWGESIKSCPSEVYTPLDGNRTNLVQTSWAMLGLMFGGQAERDPTPLHKAAKILINAQMDDGDFPQQEITGVYMKNCMLHYAEYRNIFPLWALGEYRKRVWVKTK"
"TP0519"	"MWKLKIAEGAGDKWLSTTNNHIGRQHWEFDPDAGTEEERAEIERIRLNFKVNRFHVKQSADLLMRMQLRKENPRAKIPEAIKLKETEEVTNEAVTTTLRRAISFFSTIQAHDGHWPAESAGPLFFLPPMVIALYMTGAMNNILTPAHQLEIKRYIYNHQNEDGGWGFHIEGHSTMFGSVYSYITLRLLGEEADSCAEDMAVVKGRKWILDHGGAVGTPSWGKFWLTVLGVYEWGGCNPMPPEFWLLPNFFPIHPGKMMCYGRLVYMPMSYLYAKRFVGKITKLVQELRQELYTDPYHEINWNKARNNCAKEDLYYPHPLVQDILWGILHNVAEPILTHWPFSKLREKAIKVAMEHVHYNDECSRYLGIGIVVKVLSLLATWVEDPNGDAYKRHLARISDYFWVAEDGLKIQSFGSQMWDAAFAIQAILSSNLAEEYGHVLKKAHDFVKSSQVRNNPPGDYSKMYRHTSKGAWTFSMQDNGLQVSDCTAEGLKVALMYSQISPELVGEKLETERLYDAVNVILSLQSVNGGFPAWEPQRAYSWLEKFNPTEFFEDTLIEREYTECTSSAIQALTLFMKLHPGHRTMEIEDCISRAVNYIKDAQNPDGSWYGYWGICYTYGAWFAVDALVACGYNYHNSPAIQKSCEFLLSKQLSDGGWGESYLSSANKTYTNLDGNRSNLVQTSWALISLIKAGQAEIDLTPISNGIRLLINSQMKEGDFPQQDITGVFMRNCTLNYSAYRNIFPIWALGEYRRLISN"
"TP0520"	"MWRIKFGEGANDPLLFSTNNFHGRQTWEFDPDAGTEEERAEVEAAREHFYQNRFKVTPSSDLLWRFQILREKNFKQEIPPVRIGEGEEITYDQATAAFRRAATFWNALQSPHGHWPAENAGPNFYFPPLVMAAYIPGYLNVIFSAEHKKEILRYTYNHQNEDGGWGLHIAGPSMMFTTCLNYCMMRILGEGPDGGRDNACARARKWILDRGGAYYSASWGKTWMAILGVYDWEGSNPMPPEFWTGSTLLPFHPSKMFCYCRLTYLPMSYFYATRFVGPITPLVEELRQEIYCEPYNEINWPKVRHWCAPEDNYYPHGRVQRFMWDGFYNIAEPLLKRWPLKKIRDNAIQFTIDQIHYEDENSRYITIGCVEKPLMMLACWAEDPSGEAFKKHIPRVTDYIWLGEDGIKMQSFGSQSWDCALVIQALLAGNLNTEMAPTLKQAHEFLKISQVRVNTSGDYLAHFRHVSKGAWTFSDRDHGWQVSDCTAEALRCCCIFANMSPELVGEPMDAECMYDAVNVILTLQSPNGGVSAWEPTGAPKWLEWLNPVELLEDLVIEYEYIECTSSSIQALTLFRKLYPGHRRKEINNFITRAADYIEDIQYPDGSWYGNWGICFVYGTWFAIKGLEAAGRTYNNCEAVRKGVDFLLKTQRADGGWGEHYTSCTNKKYTAQDSTNLVQTALGLMGLIHGRQAERDPTPIHRAAAVLMNGQLDDGDFPQQELMGVFMRNAMLHYAAYRNIFPLWALGEYRTLVSLPIKKIA"
"TP0521"	"MWKLRIGEKNGKFNIGDGNGDDYLHSTNNFVGRQTWEFDPDAGTQKERDEIERLREQFLINKKKLDIRCCADLLMRNQLIKESGIDLISVPPVRLGDDEDVNYEAVTTAVRKAVRLNRAIQAWDGHWPAENAGPLFFTPPLIIALYISGTLDTILTQEHKREMIRYMYIHQNEDGGWGFYISGRSTMIGTALNYVGLRLLGEDDNDAIAKGRKWILDHGGATSIPSWGKVYLSVLGVYEWAGCNPLPPEFWLFPSFLPYHPAKMWCYCRTTYMPMSYLYGTGFQGPITDLVKSLRKEIHVIPYHQIDWNKQRHNCCKEDLYYPHTYIQDLLWDGLHYFSEPLVSKWPLKKLREKGLKRVLDLMQYNAEEGRYITLGCVEKSLQMMCFSALDPNGIDFKRHLARVPDYLWVAEDGMKMQSFGSQLWDCTLVTQAIIASDMVEEYGDSLKKANFYLKESQIKQNPKGDFENMCRQFTKGAWTFSDQDQGWVVSDCTAEAVKCLLALSQMPQEISGEKVDVERLYDAINVLLYLQSPETGGFAIWEAPVPKPYLEKLNPSELFADIVVEREHVECTGSIIQTLQTFKTLHPGHRQKEIEVAIEKGIRFLENRQQENGSWYGYWGICYLYGTYFVLQGLVACGQTYENSEAVRKAVKFFLSTQNSEGGWGENFESCPQEKFIPLEGNRTNFVQTSWAMLGLLCGGQAERDPTPLHKAAKLLINGQMDNGDFPQQEITGVYMKNCMLHYAEYRNTFPLWALGEYRKRVWLAKQET"
"TP0522"	"MWKLKIAEGGNDPYLHSTNNFIGRQIWEFDPNHGTTEDRAEVEQARLDFWNHRHQVKPSSDVLWRMQFLKEKEFKQTIAQVKIEDSEEISYEKTTTTLRRCVSFFAALQASDGHWPAENAGPLYFMQPLVICLYITGHLNIVFPEEYRKEILRYLYCHQNEDGGWGFHIEGHSTMFGTTLSYICMRLLGEGPDGGLNGACTKARKWILDHGSVTAIPSWGKTWLSILGVCEWAGTNPMPPEFWLLPSFLPMCPAKMWCYCRLVYMPMSYLYGKRFVGPITPLVLQLRDELYAQPYDEINWKSIRHLCAKEDLYYPHPFLQDLMWDSLYICTEPLLNRWPLNKLRQKALDTTMKHIHYEDENSRYITIGSVVKPLCMLACWVEDPNGVCFKKHIARIPDYIWVAEDGMKMQSFGSQKWDAGFAIQALLAADLTEENGSTLMKGHEFIKASQVKDNPSGDFKSMHRHISKGSWTFSDQDHGWQISDCTAEGLKCCLLFLTMPAEIVGEHMKPEQFNDAVNVILSLQSKNGGLAAWEPAGSSEWLEVLNPTEFFADIVIEHEYVECTSSASQALVLFKKLYPGHRRKEIESFLTGASGYLEKIQMEDGSWYGNWGVCFTYGTWFALGGLTAVGKTFENCLAIRKAVKFLLETQLEDGGWGESYKSCPEKRYVPLEEGRSNLVHTAWGMMGLIHSQQMERDPMPLHKAAKLLINSQLENGDFPQQKIAGVFKMNCMLHYALYRNIFPMWALADYRKHVLKGI"
"TP0523"	"MWKLKIAEGSDDEWLTTTNNHVGRQHWQFDPDAGTEEERAQIEKIRLNFKLNRFQFKQSADLLMRTQLRKENPINKIPDAIKLNETEEVTNDAVSTTLKRAISFYSTIQAHDGHWPAESAGPLFFLPPLVIALYVTGAMNDILTPAHQLEIKRYIYNHQNEDGGWGLHIEGHSTIFGSVLSYITLRLLGEEADSVAEDMALVKGRKWILDHGGAVGIPSWGKFWLTILGVYEWGGCNPMPPEFWLMPKFFPIHPGKMLCYCRLVYMPMSYLYGKRFVGKITELVRDLRQELYTDPYDEINWNKARNTCAKEDLYYPHPFVQDMVWGVLHNVFEPVLTSRPLSTLREKALKVAMDHVHYEDKSSRYLCIGCVEKVLCLIATWVEDPNGDAYKRHLARIPDYFWVAEDGMKMQSFGCQMWDAAFAIQAILSSNLAEEYGPTLKKAHEFVKASQVRDNPPGDFSKMYRHTSKGAWTFSIQDHGWQVSDCTAEGLKVALLYSQMSPELVGEKLETEHLYDAVNVILSLQSENGGFPAWEPQRAYAWLEKFNPTEFFEDVLIEREYVECTSSAIQGLTLFKKLHPGHRTKEIEHCISRAIKYVEDTQESDGSWYGCWGICYTYGTWFAVDALVACGKNYHNSPALQKACKFLLSKQLPDGGWGESYLSSSNKVYTNLEGNRSNLVHTSWALISLIKAGQAEIDPTPISNGVRLLINSQMEEGDFPQQEITGVFMKNCNLNYSSYRNIFPIWALGEYRRIVQNI"
"TP0524"	"MAMFYASLFSLFTIVVSCLLRFAFFKSKSAANINLPPGRRGWPVIGETVEFVTAGWKGHPEKFIVDRMKKFSHHVFRTSLMLEDAAVFCGPEGNKFLFSNENKLVRFWLPASARKILPFTQYCGDDIAKMVRYHLKPETIRQYVPIIDMVAQKHFETRWEGKDQILTHETTKNFTFLVACKIFFSIDEPEWVNNLSGPFKRLAPGLFSIPINLPGTPFRRAINARTFIGKELTAIVKQRKIDLANGKASPTQDILSLLLGDDYGKYMADTAIADLIIGLMIGGYDSTSSTCTFIVNYLAELPEIYEKVYKEQTEIAKSKTSKELLNWDDISKMKYSWNVVSEVLRLVPPTQGTFREAICNFTFRQYSIPKGWKLYWSTNSTHKNPNFFLEPEKFDPSRFDSQALVPYTYVPFGGGCHLCPGKEFARVELLVFIHHLVRKFKLKKIFSKEDIIFDLLQPKLAKGLPIHLYPHKL"
"TP0525"	"MWRLKVGEGGDNPYIYSTNNYLGRQIWEFDPNAGSPEERAEVEEARRNFFENRYNVKPSSDLLWRFQFMRERNFKQTIPQVKVEDGKEITLETATSALKRTANFFSALQTSDGHWPAENAGPMFYFPPLVFSLYITGHLNNVFSAEHRKEILRYIYCHQNEDGGWGLHIEGPSMMFCSVLNYVCMRLLGEGPDGGEYNACERGRKWILDHGGATHMASWGKTWLAILGLYEWDGSNPMPPEFWAFPYSFPLHPAKMFCYCRLTYMPMSYFYGRRFVGPITPLIMQLREEIYTQSYNEIVWKNVRHLCAKEDCHYPHTRVQKLMWDILYNITEPLLARWPFNKLRKRTVQITMDHIHYEDESSRYITIGCVEKPLMMLACWAEDPNGDAFKKHLARVADYIWVGEDGIKMQSFGSQVWDTSLALQALISSNLTSEIGPVIMKAHSFLQNSQVRENPPGNFKKMFRHISKGSWTFSDRDHGWQVSDCTAESMKCCLILSIMAPEVVGEKMEPEKLYDAVNVLLSLQSENGGMSAWEPAGAKLWFEWLNPVEFLEDLVIEYEYIECTSSTIQALVLFKRLYPGHRKKEIENFIARAAQFILDIQKPDGSWYGNWGICFIYGTWFALAGLTATGKTYENCLAIRNGVEFLLRTQRDDGGWGESYLSCPKKVYTPLDRSNLIHTSLGLMGLIIGGQAKRDPTPLHRAAKLLINSQMENGDFPQQELMGVFMRNCMLHYALYRNIFPMWALAEYCCHVSLPSESAPDV"
"TP0526"	"MWKLRIGAEAGQDPYLFSTNNYLGRQIWEFDADAGSAEELAEVEEARRNFAANRSHYKASADLLWRMQFLREKKFEQNIPRVVIDDAEKIAYEDAEKALRRGILYMAALQADDGHWPAENSGCMFFIAPFVICLYITGHLDKIFSQEHRKEMLRYMYNHQNEDGGWGIHVESHSFMFSTVLNYICLRIFGEEADHDGINSACAMARKWILDHGGATYTPLLGKAWLSVLGVYDWSGCKPIPPEFWLLPYYSPINGGTVWIYLRDVFMGLSYLYGKKFVATPTPLILQVREEIYDQPYKEICWSQARNLCAKEDLYFPQSFAQDWFWNIVHMFSENIFNLWPFNKLIRHKALQKTMEIIHYHDEATQYITGGAIPKPFHMLACWVEDPKSDYFKKHLARVPGFLWIGEDGLKIQTFGSQIWDTAFLLQMMLAADVNDEIRSTLIKGYSYLRKSQITENPSGDFIKMFRDISKGGWSFSDKDQGWPVSDCISESLKCCLIFESMPSEFIGEKMDVERLYDAINILLYLQGNNGGIAIWEPAPGKTWLEWLNPVEFVEESTVEHESLECTGSAIVALLQFMKQFPDHRREEIEGFVTKGVKYIEDLQMPNGSWYGNWGVCFIYGTFFAVRGLVAAGKTYHNCETIRRAVRFLIETQNIEGGWGESYLSCPRKKYTPLDGNKTNVVNTGQAMMALIMGGQMERDPLPVHRAAKVLINSQLDNGDFPQQEMRGAYKMNLLLHYPTYRNMFTLWALTYYTKALRRT"
